genus	freq_nonzero_c1	sign_consistency_c1	freq_nonzero_c2	sign_consistency_c2	freq_nonzero_c3	sign_consistency_c3	cross_cohort_sign_consistent	bh_qvalue
Brigitvirus	29	0.0	0		0			0.0
Romboutsia	11	0.182	38	0.0	30	0.0	True	0.0
Subdoligranulum	0		28	1.0	0			0.0
Kingevirus	0		40	0.0	0			0.0
Barnesiella	11	0.636	33	0.0	39	0.0	True	0.0
Prevotella	39	1.0	0		26	1.0	True	0.0
Citrobacter	0		36	0.0	38	0.0	True	0.0
Fusobacterium	0		40	1.0	0			0.0
Pusillibacter	0		40	0.0	0			0.0
Cloacibacillus	0		0		31	1.0		0.0
Cohcovirus	10	1.0	34	1.0	0			0.0
Corynebacterium	11	0.091	40	0.0	0			0.0
Actinomyces	39	0.0	1	1.0	31	0.0	True	0.0
Aggregatibacter	0		39	1.0	0			0.0
Afonbuvirus	0		0		39	0.0		0.0
Birpovirus	35	1.0	0		0			0.0
Bifidobacterium	0		0		35	1.0		0.0
Porphyromonas	35	0.0	39	0.0	0		True	0.0
Acutalibacter	37	0.0	0		0			0.0
Sodaliphilus	0		33	0.0	0			0.0
Butyricimonas	21	0.143	39	1.0	33	1.0	False	0.0
Paenibacillus	10	0.5	37	1.0	18	0.944	True	0.0
Massilistercora	0		0		39	1.0		0.0
Megamonas	0		37	0.0	0			0.0
Faecalitalea	0		0		39	1.0		0.0
Carjivirus	39	0.0	36	0.0	23	0.261	True	0.0
Gordonibacter	2	1.0	26	0.962	14	0.857	True	0.0
Paraprevotella	39	0.0	18	0.0	38	0.0	True	0.0
Ligilactobacillus	38	1.0	17	0.412	27	1.0		0.0
Catenibacterium	39	0.0	37	0.0	1	0.0	True	0.0
Hoylesella	0		40	1.0	0			0.0
Enterococcus	0		40	1.0	0			0.0
Enterobacter	39	1.0	13	0.385	16	1.0	True	0.0
Streptomyces	22	0.0	40	0.0	4	0.0	True	0.0
Schaalia	39	0.0	0		15	0.2	True	0.0
Treponema	32	1.0	0		0			0.0
Anaerocolumna	0		36	0.0	0			0.0
Lacrimispora	12	0.75	37	1.0	39	1.0	True	0.0
Eggerthella	0		40	1.0	32	1.0	True	0.0
Sellimonas	39	1.0	29	1.0	32	1.0	True	0.0
Aurodevirus	34	0.0	0		0			0.0
Novisyntrophococcus	39	1.0	0		0			0.0
Turicibacter	39	0.0	10	0.3	0			0.0
Muribaculum	0		27	1.0	0			1e-06
Wujia	39	1.0	40	1.0	26	0.0	False	1.4e-05
Maliibacterium	23	0.043	0		0			0.00035
Odoribacter	17	0.765	10	0.0	34	1.0		0.001627
Collinsella	37	0.0	22	1.0	23	0.0	False	0.001894
Oscillibacter	0		0		20	0.05		0.002299
Butyrivibrio	0		0		15	0.0		0.003434
Desulfovibrio	38	1.0	34	1.0	33	0.03	False	0.004307
Acidaminococcus	11	0.0	0		39	1.0		0.00488
Adlercreutzia	15	0.2	20	0.85	39	0.0		0.005102
Rothia	9	0.111	32	1.0	0			0.005846
Veillonella	39	0.0	39	0.0	37	1.0	False	0.008466
Blohavirus	39	1.0	34	0.0	34	1.0	False	0.010367
Escherichia	39	1.0	36	0.0	36	1.0	False	0.013414
Solibaculum	39	1.0	39	0.0	39	1.0	False	0.018889
Qiania	38	0.0	40	0.0	39	1.0	False	0.018889
Faecalibacillus	39	1.0	40	0.0	39	1.0	False	0.028031
Staphylococcus	37	1.0	14	0.0	0			0.081586
Oxalobacter	12	1.0	8	0.625	0			0.116913
Campylobacter	33	1.0	38	1.0	39	0.0	False	0.131436
Pseudomonas	4	0.75	34	0.0	11	1.0		0.167095
Dialister	7	0.429	28	0.107	7	0.857	False	0.342576
Akkermansia	39	0.0	40	1.0	29	0.966	False	0.386062
Paradesulfovibrio	0		0		0			1.0
Pankowvirus	0		0		0			1.0
Pannonibacter	0		0		0			1.0
Pantoea	0		0		0			1.0
Parabacteroides	0		0		0			1.0
Paraburkholderia	0		0		0			1.0
Parachlamydia	0		0		0			1.0
Panjvirus	0		0		0			1.0
Paraclostridium	0		0		0			1.0
Paracoccus	0		0		0			1.0
Paraconexibacter	0		0		0			1.0
Paracrocinitomix	0		0		0			1.0
Paracholeplasma	0		0		0			1.0
Octadecabacter	0		0		0			1.0
Pandoravirus	0		0		0			1.0
Pandoraea	0		0		0			1.0
Pajaroellobacter	0		0		0			1.0
Pakpunavirus	0		0		0			1.0
Novibacillus	0		0		0			1.0
Palaemonvirus	0		0		0			1.0
Palaeococcus	0		0		0			1.0
Novacetimonas	0		0		0			1.0
Paludibacter	0		0		0			1.0
Paludibacterium	0		0		0			1.0
Paludibaculum	0		0		0			1.0
Paludisphaera	0		0		0			1.0
Nostoc	0		0		0			1.0
Pamirivirus	0		0		0			1.0
Panacibacter	0		0		0			1.0
Nosocomiicoccus	0		0		0			1.0
Nordella	0		0		0			1.0
Paradevosia	0		0		0			1.0
Nonomuraea	0		0		0			1.0
Nonlabens	0		0		0			1.0
Paraflavitalea	0		0		0			1.0
Parasedimentitalea	0		0		0			1.0
Nocardiopsis	0		0		0			1.0
Parashewanella	0		0		0			1.0
Parasphingopyxis	0		0		0			1.0
Parasphingorhabdus	0		0		0			1.0
Nocardioides	0		0		0			1.0
Parascardovia	0		0		0			1.0
Parasynechococcus	0		0		0			1.0
Parazoarcus	0		0		0			1.0
Paremcibacter	0		0		0			1.0
Parlovirus	0		0		0			1.0
Paroceanicella	0		0		0			1.0
Parolsenella	0		0		0			1.0
Parvibaculum	0		0		0			1.0
Paraurantiacibacter	0		0		0			1.0
Parafannyhessea	0		0		0			1.0
Parasaccharibacter	0		0		0			1.0
Pararhizobium	0		0		0			1.0
Pahsextavirus	0		0		0			1.0
Parageobacillus	0		0		0			1.0
Nonagvirus	0		0		0			1.0
Paraglaciecola	0		0		0			1.0
Nodularia	0		0		0			1.0
Paralcaligenes	0		0		0			1.0
Pararhodospirillum	0		0		0			1.0
Paraliobacillus	0		0		0			1.0
Paraneptunicella	0		0		0			1.0
Paraoerskovia	0		0		0			1.0
Paraphotobacterium	0		0		0			1.0
Parapoxvirus	0		0		0			1.0
Nodensvirus	0		0		0			1.0
Nochtlivirus	0		0		0			1.0
Paralysiella	0		0		0			1.0
Pahexavirus	0		0		0			1.0
Paeniglutamicibacter	0		0		0			1.0
Paenisporosarcina	0		0		0			1.0
Oceanirhabdus	0		0		0			1.0
Oceanimonas	0		0		0			1.0
Orbivirus	0		0		0			1.0
Oricola	0		0		0			1.0
Orientia	0		0		0			1.0
Ornithinimicrobium	0		0		0			1.0
Oceanisphaera	0		0		0			1.0
Ornithobacterium	0		0		0			1.0
Orthoavulavirus	0		0		0			1.0
Orthobornavirus	0		0		0			1.0
Orthobunyavirus	0		0		0			1.0
Orthoflavivirus	0		0		0			1.0
Orthohantavirus	0		0		0			1.0
Oceanihabitans	0		0		0			1.0
Orrella	0		0		0			1.0
Oceanidesulfovibrio	0		0		0			1.0
Opitutus	0		0		0			1.0
Oceanispirochaeta	0		0		0			1.0
Oceanotoga	0		0		0			1.0
Oecophyllibacter	0		0		0			1.0
Oengusvirus	0		0		0			1.0
Oenococcus	0		0		0			1.0
Oerskovia	0		0		0			1.0
Oleidesulfovibrio	0		0		0			1.0
Oneupvirus	0		0		0			1.0
Oleiphilus	0		0		0			1.0
Olivibacter	0		0		0			1.0
Oceanobacillus	0		0		0			1.0
Olleya	0		0		0			1.0
Olsenella	0		0		0			1.0
Omegavirus	0		0		0			1.0
Oceanithermus	0		0		0			1.0
Oligella	0		0		0			1.0
Oceanicola	0		0		0			1.0
Orthohepadnavirus	0		0		0			1.0
Orthonairovirus	0		0		0			1.0
Pacificitalea	0		0		0			1.0
Pacinivirus	0		0		0			1.0
Pacuvirus	0		0		0			1.0
Paenalcaligenes	0		0		0			1.0
Obesumbacterium	0		0		0			1.0
Nymphadoravirus	0		0		0			1.0
Pacehavirus	0		0		0			1.0
Novosphingopyxis	0		0		0			1.0
Paenarthrobacter	0		0		0			1.0
Novosphingobium	0		0		0			1.0
Paeniclostridium	0		0		0			1.0
Novosibvirus	0		0		0			1.0
Noviherbaspirillum	0		0		0			1.0
Odonatavirus	0		0		0			1.0
Paenalkalicoccus	0		0		0			1.0
Oxynema	0		0		0			1.0
Obolenskvirus	0		0		0			1.0
Oxychlovirus	0		0		0			1.0
Orthophasmavirus	0		0		0			1.0
Orthopoxvirus	0		0		0			1.0
Oceanicoccus	0		0		0			1.0
Parvicella	0		0		0			1.0
Orthotospovirus	0		0		0			1.0
Oryzomicrobium	0		0		0			1.0
Oryzopoxvirus	0		0		0			1.0
Occultella	0		0		0			1.0
Oscillatoria	0		0		0			1.0
Occallatibacter	0		0		0			1.0
Ostreavirus	0		0		0			1.0
Otagovirus	0		0		0			1.0
Otariodibacter	0		0		0			1.0
Ottowia	0		0		0			1.0
Owenweeksia	0		0		0			1.0
Pagevirus	0		0		0			1.0
Orthoreovirus	0		0		0			1.0
Abidjanvirus	0		0		0			1.0
Parvularcula	0		0		0			1.0
Pollockvirus	0		0		0			1.0
Pollyceevirus	0		0		0			1.0
Polyangium	0		0		0			1.0
Polybotosvirus	0		0		0			1.0
Polycladomyces	0		0		0			1.0
Polymorphobacter	0		0		0			1.0
Polymorphospora	0		0		0			1.0
Polymorphum	0		0		0			1.0
Polynucleobacter	0		0		0			1.0
Polystyrenella	0		0		0			1.0
Pontibacillus	0		0		0			1.0
Pontibacter	0		0		0			1.0
Pontibrevibacter	0		0		0			1.0
Ponticoccus	0		0		0			1.0
Pontimonas	0		0		0			1.0
Pontivivens	0		0		0			1.0
Poriferisphaera	0		0		0			1.0
Polaromonas	0		0		0			1.0
Polaribacter	0		0		0			1.0
Pokrovskaiavirus	0		0		0			1.0
Pogseptimavirus	0		0		0			1.0
Piscinibacter	0		0		0			1.0
Piscirickettsia	0		0		0			1.0
Pistricoccus	0		0		0			1.0
Pithovirus	0		0		0			1.0
Planctomyces	0		0		0			1.0
Planctopirus	0		0		0			1.0
Planktothrix	0		0		0			1.0
Planococcus	0		0		0			1.0
Porphyrobacter	0		0		0			1.0
Plantactinospora	0		0		0			1.0
Plasmopamonavirus	0		0		0			1.0
Plateaulakevirus	0		0		0			1.0
Pleakleyvirus	0		0		0			1.0
Pleetrevirus	0		0		0			1.0
Plesiomonas	0		0		0			1.0
Pleurocapsa	0		0		0			1.0
Plotvirus	0		0		0			1.0
Pluralibacter	0		0		0			1.0
Plantibacter	0		0		0			1.0
Pirellulimonas	0		0		0			1.0
Poseidonibacter	0		0		0			1.0
Potexvirus	0		0		0			1.0
Providencia	0		0		0			1.0
Prymnesiovirus	0		0		0			1.0
Przondovirus	0		0		0			1.0
Pseudactinotalea	0		0		0			1.0
Pseudalkalibacillus	0		0		0			1.0
Pseudanabaena	0		0		0			1.0
Pseudarthrobacter	0		0		0			1.0
Pseudazoarcus	0		0		0			1.0
Pseudemcibacter	0		0		0			1.0
Pseudescherichia	0		0		0			1.0
Pseudoalteromonas	0		0		0			1.0
Pseudobacter	0		0		0			1.0
Pseudobdellovibrio	0		0		0			1.0
Pseudobutyrivibrio	0		7	1.0	0			1.0
Pseudochrobactrum	0		0		0			1.0
Pseudocitrobacter	0		0		0			1.0
Pseudoclavibacter	0		0		0			1.0
Protofrankia	0		0		0			1.0
Proteus	0		0		0			1.0
Proteiniphilum	0		0		0			1.0
Proteiniclasticum	0		0		0			1.0
Potyvirus	0		0		0			1.0
Pourcelvirus	0		0		0			1.0
Pradoshia	0		0		0			1.0
Pradovirus	0		0		0			1.0
Pragia	0		0		0			1.0
Prasinovirus	0		0		0			1.0
Prauserella	0		0		0			1.0
Predatorvirus	0		0		0			1.0
Pospiviroid	0		0		0			1.0
Prescottella	0		0		0			1.0
Privateervirus	0		0		0			1.0
Proboscivirus	0		0		0			1.0
Prochlorococcus	0		0		0			1.0
Profundibacter	0		0		0			1.0
Propionibacterium	0		0		0			1.0
Propioniciclava	0		0		0			1.0
Prosthecochloris	0		0		0			1.0
Protaetiibacter	0		0		0			1.0
Priestia	0		0		0			1.0
Parvimonas	0		0		0			1.0
Pirellula	0		0		0			1.0
Pipoluvirus	0		0		0			1.0
Pelodictyon	0		0		0			1.0
Pelolinea	0		0		0			1.0
Pelosinus	0		0		0			1.0
Pengzhenrongella	0		0		0			1.0
Peptacetobacter	0		0		0			1.0
Peptoclostridium	0		0		0			1.0
Peptoniphilus	0		0		0			1.0
Peptostreptococcus	0		0		0			1.0
Percavirus	0		0		0			1.0
Peribacillus	0		0		0			1.0
Perisivirus	0		0		0			1.0
Periweissella	0		0		0			1.0
Permianibacter	0		0		0			1.0
Persephonella	0		0		0			1.0
Persicimonas	0		0		0			1.0
Persicobacter	0		0		0			1.0
Pestivirus	0		0		0			1.0
Pelobacter	0		0		0			1.0
Pelistega	0		0		0			1.0
Pelagovum	0		0		0			1.0
Pelagivirus	0		0		0			1.0
Pasteurella	0		0		0			1.0
Paucibacter	0		0		0			1.0
Paucilactobacillus	0		0		0			1.0
Pauljensenia	0		0		0			1.0
Paundivirus	0		0		0			1.0
Pbunavirus	0		0		0			1.0
Peatvirus	0		0		0			1.0
Pebcunavirus	0		0		0			1.0
Peterkaempfera	0		0		0			1.0
Pectinatus	0		0		0			1.0
Pediococcus	0		0		0			1.0
Pedobacter	0		0		0			1.0
Pedococcus	0		0		0			1.0
Peduovirus	0		0		0			1.0
Pegivirus	0		0		0			1.0
Nocardia	0		0		0			1.0
Pelagerythrobacter	0		0		0			1.0
Pelagibacterium	0		0		0			1.0
Pectobacterium	0		0		0			1.0
Pippivirus	0		0		0			1.0
Peteryoungia	0		0		0			1.0
Petrocella	0		0		0			1.0
Photorhabdus	0		0		0			1.0
Phototrophicus	0		0		0			1.0
Phrappuccinovirus	0		0		0			1.0
Phreatobacter	0		0		0			1.0
Phycicoccus	0		0		0			1.0
Phycisphaera	0		0		0			1.0
Phyllobacterium	0		0		0			1.0
Phytobacter	0		0		0			1.0
Phytohabitans	0		0		0			1.0
Phytoreovirus	0		0		0			1.0
Picrophilus	0		0		0			1.0
Pigmentibacter	0		0		0			1.0
Pigmentiphaga	0		0		0			1.0
Pijolavirus	0		0		0			1.0
Pikeienuella	0		0		0			1.0
Pimelobacter	0		0		0			1.0
Pipefishvirus	0		0		0			1.0
Photobacterium	0		0		0			1.0
Phormidium	0		0		0			1.0
Phoenicibacter	0		0		0			1.0
Phocaeicola	0		0		0			1.0
Petroclostridium	0		0		0			1.0
Petrotoga	0		0		0			1.0
Petsuvirus	0		0		0			1.0
Phabquatrovirus	0		0		0			1.0
Phaeobacter	0		0		0			1.0
Phaeovirus	0		0		0			1.0
Phapecoctavirus	0		0		0			1.0
Phascolarctobacterium	15	0.8	40	1.0	38	0.026	False	1.0
Petrimonas	0		0		0			1.0
Phasivirus	0		0		0			1.0
Phenylobacterium	0		0		0			1.0
Phietavirus	0		0		0			1.0
Phikmvvirus	0		0		0			1.0
Phikzvirus	0		0		0			1.0
Phlebovirus	0		0		0			1.0
Phleivirus	0		0		0			1.0
Phnomibacter	0		0		0			1.0
Phobosvirus	0		0		0			1.0
Phayoncevirus	0		0		0			1.0
Pegunavirus	0		0		0			1.0
Nitrosarchaeum	0		0		0			1.0
Niveibacterium	0		0		0			1.0
Mastadenovirus	0		0		0			1.0
Matsuvirus	0		0		0			1.0
Mazuvirus	0		0		0			1.0
Mediterraneibacter	0		0		0			1.0
Megalocytivirus	0		0		0			1.0
Megalodesulfovibrio	0		0		0			1.0
Megasphaera	0		17	0.647	0			1.0
Meiothermus	0		0		0			1.0
Melaminivora	0		0		0			1.0
Melioribacter	0		0		0			1.0
Melissococcus	0		0		0			1.0
Melittangium	0		0		0			1.0
Mementomorivirus	0		0		0			1.0
Menderavirus	0		0		0			1.0
Mergibacter	0		0		0			1.0
Mesobacillus	0		0		0			1.0
Mesoflavibacter	0		0		0			1.0
Massilia	0		0		0			1.0
Marvinbryantia	0		38	0.0	39	1.0	False	1.0
Marthavirus	0		0		0			1.0
Martelella	0		0		0			1.0
Marinicauda	0		0		0			1.0
Mariniflexile	0		0		0			1.0
Marinilactibacillus	0		0		0			1.0
Marinilongibacter	0		0		0			1.0
Marinimicrobium	0		0		0			1.0
Mariniplasma	0		0		0			1.0
Marinithermus	0		0		0			1.0
Marinitoga	0		0		0			1.0
Mesomycoplasma	0		0		0			1.0
Marinobacter	0		0		0			1.0
Marinomonas	0		0		0			1.0
Mariprofundus	0		0		0			1.0
Marisediminicola	0		0		0			1.0
Maritalea	0		0		0			1.0
Marivirga	0		0		0			1.0
Marixanthomonas	0		0		0			1.0
Marmoricola	0		0		0			1.0
Marseillevirus	0		0		0			1.0
Marinobacterium	0		0		0			1.0
Mesoplasma	0		0		0			1.0
Mesorhizobium	0		0		0			1.0
Mesotoga	0		0		0			1.0
Methanolobus	0		0		0			1.0
Methanomassiliicoccus	0		0		0			1.0
Methanomethylovorans	0		0		0			1.0
Methanomicrobium	0		0		0			1.0
Methanonatronarchaeum	0		0		0			1.0
Methanoplanus	0		0		0			1.0
Methanopyrus	0		0		0			1.0
Methanoregula	0		0		0			1.0
Methanolacinia	0		0		0			1.0
Methanosalsum	0		0		0			1.0
Methanosphaera	0		0		0			1.0
Methanosphaerula	0		0		0			1.0
Methanospirillum	0		0		0			1.0
Methanothermobacter	0		0		0			1.0
Methanothermococcus	0		0		0			1.0
Methanothermus	0		0		0			1.0
Methanothrix	0		0		0			1.0
Methanotorris	0		0		0			1.0
Methanosarcina	0		0		0			1.0
Mariniblastus	0		0		0			1.0
Methanohalophilus	0		0		0			1.0
Methanogenium	0		0		0			1.0
Metaavulavirus	0		0		0			1.0
Metabacillus	0		0		0			1.0
Metakosakonia	0		0		0			1.0
Metallibacterium	0		0		0			1.0
Metallosphaera	0		0		0			1.0
Metamorphoovirus	0		0		0			1.0
Metamycoplasma	0		0		0			1.0
Metapneumovirus	0		0		0			1.0
Methanohalobium	0		0		0			1.0
Methanobacterium	0		0		0			1.0
Methanocaldococcus	0		0		0			1.0
Methanocella	0		0		0			1.0
Methanococcoides	0		0		0			1.0
Methanococcus	0		0		0			1.0
Methanocorpusculum	0		0		0			1.0
Methanoculleus	0		0		0			1.0
Methanofervidicoccus	0		0		0			1.0
Methanofollis	0		0		0			1.0
Methanobrevibacter	39	0.0	39	1.0	15	0.267	False	1.0
Marinagarivorans	0		0		0			1.0
Maridesulfovibrio	0		0		0			1.0
Marichromatium	0		0		0			1.0
Liquorilactobacillus	0		0		0			1.0
Listeria	0		0		0			1.0
Litorilituus	0		0		0			1.0
Litorivicinus	0		0		0			1.0
Littlefixvirus	0		0		0			1.0
Llyrvirus	0		0		0			1.0
Lobdovirus	0		0		0			1.0
Loessnervirus	0		0		0			1.0
Lipsvirus	0		0		0			1.0
Loigolactobacillus	0		0		0			1.0
Loktanella	0		0		0			1.0
Longicatena	38	0.0	0		25	0.96		1.0
Lonsdalea	0		0		0			1.0
Luckybarnesvirus	0		0		0			1.0
Lughvirus	0		0		0			1.0
Lullwatervirus	0		0		0			1.0
Lumosvirus	0		0		0			1.0
Luteibacter	0		0		0			1.0
Lokivirus	0		0		0			1.0
Luteimicrobium	0		0		0			1.0
Lincruvirus	0		0		0			1.0
Limnothrix	0		0		0			1.0
Levilactobacillus	0		0		0			1.0
Liberibacter	0		0		0			1.0
Lichenicola	0		0		0			1.0
Lichenihabitans	0		0		0			1.0
Lidleunavirus	0		0		0			1.0
Lignipirellula	0		0		0			1.0
Likavirus	0		0		0			1.0
Lillamyvirus	0		0		0			1.0
Limosilactobacillus	34	0.0	40	1.0	0		False	1.0
Lilmcdreamyvirus	0		0		0			1.0
Limihaloglobus	0		0		0			1.0
Limimaricola	0		0		0			1.0
Limnobacter	0		0		0			1.0
Limnobaculum	0		0		0			1.0
Limnochorda	0		0		0			1.0
Limnoglobus	0		0		0			1.0
Limnohabitans	0		0		0			1.0
Limnospira	0		0		0			1.0
Limdunavirus	0		0		0			1.0
Methylacidimicrobium	0		0		0			1.0
Luteimonas	0		0		0			1.0
Luteitalea	0		0		0			1.0
Makelovirus	0		0		0			1.0
Malaciobacter	0		0		0			1.0
Malacoplasma	0		0		0			1.0
Mameliella	0		0		0			1.0
Mammaliicoccus	0		0		0			1.0
Mangrovibacillus	0		0		0			1.0
Mangrovivirga	0		0		0			1.0
Manhattanvirus	0		0		0			1.0
Maioricimonas	0		0		0			1.0
Mannheimia	0		0		0			1.0
Marafivirus	0		0		0			1.0
Mardecavirus	0		0		0			1.0
Mardivirus	0		0		0			1.0
Marfavirus	0		0		0			1.0
Maribacter	0		0		0			1.0
Maribellus	0		0		0			1.0
Maribius	0		0		0			1.0
Maricaulis	0		0		0			1.0
Manticavirus	0		0		0			1.0
Luteipulveratus	0		0		0			1.0
Mahstovirus	0		0		0			1.0
Mahella	0		0		0			1.0
Luteithermobacter	0		0		0			1.0
Luteolibacter	0		0		0			1.0
Lutibacter	0		0		0			1.0
Lwoffvirus	0		0		0			1.0
Lymphocryptovirus	0		0		0			1.0
Lymphocystivirus	0		0		0			1.0
Lyngbya	0		0		0			1.0
Lysinibacillus	0		0		0			1.0
Mahlunavirus	0		0		0			1.0
Lysobacter	0		0		0			1.0
Macavirus	0		0		0			1.0
Macrococcus	0		0		0			1.0
Macropopoxvirus	0		0		0			1.0
Maenadvirus	0		0		0			1.0
Mageeibacillus	0		0		0			1.0
Magnetococcus	0		0		0			1.0
Magnetospira	0		0		0			1.0
Magnetospirillum	0		0		0			1.0
Macariavirus	0		0		0			1.0
Methylacidiphilum	0		0		0			1.0
Methylibium	0		0		0			1.0
Methylobacillus	0		0		0			1.0
Namakavirus	0		0		0			1.0
Nanchangia	0		0		0			1.0
Nannocystis	0		0		0			1.0
Nanobdella	0		0		0			1.0
Natranaeroarchaeum	0		0		0			1.0
Natranaerobius	0		0		0			1.0
Natranaerofaba	0		0		0			1.0
Natrarchaeobaculum	0		0		0			1.0
Nakamurella	0		0		0			1.0
Natrialba	0		0		0			1.0
Natrinema	0		0		0			1.0
Natronobacterium	0		0		0			1.0
Natronobiforma	0		0		0			1.0
Natronococcus	0		0		0			1.0
Natronoglycomyces	0		0		0			1.0
Natronomonas	0		0		0			1.0
Natronorubrum	0		0		0			1.0
Natronosporangium	0		0		0			1.0
Natribaculum	0		0		0			1.0
Nautilia	0		0		0			1.0
Nahantvirus	0		0		0			1.0
Myxococcus	0		0		0			1.0
Musicola	0		0		0			1.0
Muvirus	0		0		0			1.0
Mycetocola	0		0		0			1.0
Mycetohabitans	0		0		0			1.0
Mycoavidus	0		0		0			1.0
Mycobacterium	0		0		0			1.0
Mycobacteroides	0		0		0			1.0
Mycolicibacillus	0		0		0			1.0
Naegleria	0		0		0			1.0
Mycolicibacter	0		0		0			1.0
Mycoplasma	0		0		0			1.0
Mycoplasmoides	0		0		0			1.0
Mycoplasmopsis	0		0		0			1.0
Mydovirus	0		0		0			1.0
Myoalterovirus	0		0		0			1.0
Myohalovirus	0		0		0			1.0
Myrnavirus	0		0		0			1.0
Myroides	0		0		0			1.0
Mycolicibacterium	0		0		0			1.0
Muscodensovirus	0		0		0			1.0
Ndongobacter	0		0		0			1.0
Neisseria	0		10	0.1	0			1.0
Nisaea	0		0		0			1.0
Nissabacter	0		0		0			1.0
Nitratifractor	0		0		0			1.0
Nitratireductor	0		0		0			1.0
Nitratiruptor	0		0		0			1.0
Nitrincola	0		0		0			1.0
Nitrobacter	0		0		0			1.0
Nitrogeniibacter	0		0		0			1.0
Nilusvirus	0		0		0			1.0
Pseudoclostridium	0		0		0			1.0
Nitrosomonas	0		0		0			1.0
Nitrosophilus	0		0		0			1.0
Nitrosopumilus	0		0		0			1.0
Nitrososphaera	0		0		0			1.0
Nitrosospira	0		0		0			1.0
Nitrospina	0		0		0			1.0
Nitrospira	0		0		0			1.0
Nitrospirillum	0		0		0			1.0
Nitrosococcus	0		0		0			1.0
Neferthenavirus	0		0		0			1.0
Nicoliella	0		0		0			1.0
Nibricoccus	0		0		0			1.0
Neoasaia	0		0		0			1.0
Neobacillus	0		0		0			1.0
Neochlamydia	0		0		0			1.0
Neokomagataea	0		0		0			1.0
Neomicrococcus	0		0		0			1.0
Neorhizobium	0		0		0			1.0
Neorickettsia	0		0		0			1.0
Neotabrizicola	0		0		0			1.0
Nickievirus	0		0		0			1.0
Nepovirus	0		0		0			1.0
Neptunomonas	0		0		0			1.0
Nesevirus	0		0		0			1.0
Nesterenkonia	0		0		0			1.0
Nevevirus	0		0		0			1.0
Niabella	0		0		0			1.0
Niallia	0		0		0			1.0
Niastella	0		0		0			1.0
Nibribacter	0		0		0			1.0
Neptunevirus	0		0		0			1.0
Niveispirillum	0		0		0			1.0
Murrayvirus	0		0		0			1.0
Muriicola	0		0		0			1.0
Methylovirgula	0		0		0			1.0
Methylovorus	0		0		0			1.0
Methylovulum	0		0		0			1.0
Metrivirus	0		0		0			1.0
Micavibrio	0		0		0			1.0
Micavirus	0		0		0			1.0
Microbacter	0		0		0			1.0
Microbacterium	0		0		0			1.0
Methyloversatilis	0		0		0			1.0
Microbulbifer	0		0		0			1.0
Micrococcus	0		0		0			1.0
Microcystis	0		0		0			1.0
Microlunatus	0		0		0			1.0
Micromonospora	0		0		0			1.0
Micropruina	0		0		0			1.0
Microscilla	0		0		0			1.0
Microterricola	0		0		0			1.0
Microvenator	0		0		0			1.0
Microcella	0		0		0			1.0
Microvirga	0		0		0			1.0
Methylotuvimicrobium	0		0		0			1.0
Methylosinus	0		0		0			1.0
Methylobacter	0		0		0			1.0
Methylobacterium	0		0		0			1.0
Methylocaldum	0		0		0			1.0
Methylocapsa	0		0		0			1.0
Methyloceanibacter	0		0		0			1.0
Methylocella	0		0		0			1.0
Methylococcus	0		0		0			1.0
Methylocystis	0		0		0			1.0
Methylotenera	0		0		0			1.0
Methylogaea	0		0		0			1.0
Methylomagnum	0		0		0			1.0
Methylomicrobium	0		0		0			1.0
Methylomonas	0		0		0			1.0
Methylomusa	0		0		0			1.0
Methylophaga	0		0		0			1.0
Methylophilus	0		0		0			1.0
Methyloradius	0		0		0			1.0
Methylorubrum	0		0		0			1.0
Methyloligella	0		0		0			1.0
Muromegalovirus	0		0		0			1.0
Microvirgula	0		0		0			1.0
Miltoncostaea	0		0		0			1.0
Moorella	0		0		0			1.0
Moorena	0		0		0			1.0
Mooreparkvirus	0		0		0			1.0
Moraxella	0		0		0			1.0
Morganella	0		0		0			1.0
Moritella	0		0		0			1.0
Morococcus	0		0		0			1.0
Mosigvirus	0		0		0			1.0
Moonvirus	0		0		0			1.0
Mosugukvirus	0		0		0			1.0
Mucisphaera	0		0		0			1.0
Mucispirillum	0		0		0			1.0
Mudcatvirus	0		0		0			1.0
Mufasoctovirus	0		0		0			1.0
Mumia	0		0		0			1.0
Murciavirus	0		0		0			1.0
Murdochiella	0		0		0			1.0
Muricauda	0		0		0			1.0
Mucilaginibacter	0		0		0			1.0
Microwolfvirus	0		0		0			1.0
Mooglevirus	0		0		0			1.0
Monoglobus	37	0.0	40	1.0	17	0.0	False	1.0
Miltonvirus	0		0		0			1.0
Mimasvirus	0		0		0			1.0
Mimivirus	0		0		0			1.0
Mingyongvirus	0		0		0			1.0
Minhovirus	0		0		0			1.0
Miniimonas	0		0		0			1.0
Miniphocaeibacter	0		0		0			1.0
Minwuia	0		0		0			1.0
Montyvirus	0		0		0			1.0
Mitsuaria	0		0		0			1.0
Moabitevirus	0		0		0			1.0
Mobiluncus	0		0		0			1.0
Modestobacter	0		0		0			1.0
Moellerella	0		0		0			1.0
Mogibacterium	0		0		0			1.0
Moineauvirus	0		0		0			1.0
Mollyvirus	0		0		0			1.0
Mongoliitalea	0		0		0			1.0
Mixta	0		0		0			1.0
Pseudocnuella	0		0		0			1.0
Pseudothauera	0		0		0			1.0
Pseudoduganella	0		0		0			1.0
Thalassospira	0		0		0			1.0
Thalassotalea	0		0		0			1.0
Thauera	0		0		0			1.0
Thaumasiovibrio	0		0		0			1.0
Thaumasvirus	0		0		0			1.0
Thermacetogenium	0		0		0			1.0
Thermaerobacter	0		0		0			1.0
Thermanaeromonas	0		0		0			1.0
Thermanaerosceptrum	0		0		0			1.0
Thermanaerovibrio	0		0		0			1.0
Thermincola	0		0		0			1.0
Thermoactinomyces	0		0		0			1.0
Thermoanaerobacter	0		0		0			1.0
Thermoanaerobacterium	0		0		0			1.0
Thermobacillus	0		0		0			1.0
Thermobaculum	0		0		0			1.0
Thermobifida	0		0		0			1.0
Thalassomonas	0		0		0			1.0
Thalassolituus	0		0		0			1.0
Thalassoglobus	0		0		0			1.0
Thalassococcus	0		0		0			1.0
Tequatrovirus	0		0		0			1.0
Tequintavirus	0		0		0			1.0
Terapinvirus	0		0		0			1.0
Terasakiella	0		0		0			1.0
Teredinibacter	0		0		0			1.0
Terribacillus	0		0		0			1.0
Terricaulis	0		0		0			1.0
Terriglobus	0		0		0			1.0
Thermobispora	0		0		0			1.0
Terrihabitans	0		0		0			1.0
Teseptimavirus	0		0		0			1.0
Tessaracoccus	0		0		0			1.0
Tetragenococcus	0		0		0			1.0
Tetrasphaera	0		0		0			1.0
Teubervirus	0		0		0			1.0
Thalassavirus	0		0		0			1.0
Thalassobacter	0		0		0			1.0
Thalassobius	0		0		0			1.0
Terrisporobacter	0		0		0			1.0
Tepovirus	0		0		0			1.0
Thermocaproicibacter	0		0		0			1.0
Thermoclostridium	0		0		0			1.0
Thermostichus	0		0		0			1.0
Thermosulfidibacter	0		0		0			1.0
Thermosulfurimonas	0		0		0			1.0
Thermosulfuriphilus	0		0		0			1.0
Thermosynechococcus	0		0		0			1.0
Thermotoga	0		0		0			1.0
Thermotomaculum	0		0		0			1.0
Thermovibrio	0		0		0			1.0
Thermovirga	0		0		0			1.0
Thermus	0		0		0			1.0
Thetisvirus	0		0		0			1.0
Thioalkalivibrio	0		0		0			1.0
Thiobacillus	0		0		0			1.0
Thiocapsa	0		0		0			1.0
Thioclava	0		0		0			1.0
Thiocystis	0		0		0			1.0
Thiodictyon	0		0		0			1.0
Thermospira	0		0		0			1.0
Thermosphaera	0		0		0			1.0
Thermosipho	0		0		0			1.0
Thermosediminibacter	0		0		0			1.0
Thermococcus	0		0		0			1.0
Thermocrinis	0		0		0			1.0
Thermodesulfatator	0		0		0			1.0
Thermodesulfobacterium	0		0		0			1.0
Thermodesulfobium	0		0		0			1.0
Thermodesulfomicrobium	0		0		0			1.0
Thermodesulfovibrio	0		0		0			1.0
Thermofilum	0		0		0			1.0
Thermochromatium	0		0		0			1.0
Thermogladius	0		0		0			1.0
Thermoleophilum	0		0		0			1.0
Thermoleptolyngbya	0		0		0			1.0
Thermomicrobium	0		0		0			1.0
Thermomonas	0		0		0			1.0
Thermomonospora	0		0		0			1.0
Thermophilibacter	0		0		0			1.0
Thermoplasma	0		0		0			1.0
Thermoproteus	0		0		0			1.0
Thermogutta	0		0		0			1.0
Tepiditoga	0		0		0			1.0
Tepidimonas	0		0		0			1.0
Tepidiforma	0		0		0			1.0
Sulfuriflexus	0		0		0			1.0
Sulfurifustis	0		0		0			1.0
Sulfurihydrogenibium	0		0		0			1.0
Sulfurimicrobium	0		0		0			1.0
Sulfurimonas	0		0		0			1.0
Sulfuriroseicoccus	0		0		0			1.0
Sulfurisphaera	0		0		0			1.0
Sulfuritalea	0		0		0			1.0
Sulfuritortus	0		0		0			1.0
Sulfurivermis	0		0		0			1.0
Sulfurospirillum	0		0		0			1.0
Sulfurovum	0		0		0			1.0
Superficieibacter	0		0		0			1.0
Suspvirus	0		0		0			1.0
Sutcliffiella	0		0		0			1.0
Sutterella	11	0.727	40	0.0	39	1.0	False	1.0
Suttonella	0		0		0			1.0
Sulfuriferula	0		0		0			1.0
Sulfuricurvum	0		0		0			1.0
Sulfuricella	0		0		0			1.0
Sulfuricaulis	0		0		0			1.0
Streptococcus	0		0		0			1.0
Streptomonospora	0		0		0			1.0
Streptosporangium	0		0		0			1.0
Stupnyavirus	0		0		0			1.0
Stutzerimonas	0		0		0			1.0
Stygiolobus	0		0		0			1.0
Subtercola	0		0		0			1.0
Succinivibrio	0		0		0			1.0
Svunavirus	0		0		0			1.0
Suicoccus	0		0		0			1.0
Sukhumvitvirus	0		0		0			1.0
Sukkupivirus	0		0		0			1.0
Sulfidibacter	0		0		0			1.0
Sulfitobacter	0		0		0			1.0
Sulfobacillus	0		0		0			1.0
Sulfodiicoccus	0		0		0			1.0
Sulfolobus	0		0		0			1.0
Sulfuracidifex	0		0		0			1.0
Suipoxvirus	0		0		0			1.0
Swingsia	0		0		0			1.0
Symbiobacterium	0		0		0			1.0
Symbiopectobacterium	0		0		0			1.0
Taranisvirus	0		0		0			1.0
Tardibacter	0		0		0			1.0
Tardiphaga	0		0		0			1.0
Tateyamaria	0		0		0			1.0
Tatlockia	0		0		0			1.0
Tatumella	0		0		0			1.0
Taupapillomavirus	0		0		0			1.0
Tautonia	0		0		0			1.0
Tannockella	0		0		0			1.0
Taylorella	0		0		0			1.0
Tegunavirus	0		0		0			1.0
Telluria	0		0		0			1.0
Tellurirhabdus	0		0		0			1.0
Telmatocola	0		0		0			1.0
Tenacibaculum	0		0		0			1.0
Tenuifilum	0		0		0			1.0
Tepidanaerobacter	0		0		0			1.0
Tepidibacter	0		0		0			1.0
Teetrevirus	0		0		0			1.0
Thioflavicoccus	0		0		0			1.0
Tannerella	0		0		0			1.0
Tanisvirus	0		0		0			1.0
Symmachiella	0		0		0			1.0
Synechococcus	0		0		0			1.0
Synechocystis	0		0		0			1.0
Syntrophobacter	0		0		0			1.0
Syntrophobotulus	0		0		0			1.0
Syntrophomonas	0		0		0			1.0
Syntrophotalea	0		0		0			1.0
Syntrophothermus	0		0		0			1.0
Tankvirus	0		0		0			1.0
Syntrophus	0		0		0			1.0
Tabrizicola	0		0		0			1.0
Tahibacter	0		0		0			1.0
Taipeivirus	0		0		0			1.0
Takahashivirus	0		0		0			1.0
Tamkungvirus	0		0		0			1.0
Tamlana	0		0		0			1.0
Tandoganvirus	0		0		0			1.0
Tangaroavirus	0		0		0			1.0
Tabernariusvirus	0		0		0			1.0
Streptobacillus	0		0		0			1.0
Thiohalobacter	0		0		0			1.0
Thiomicrorhabdus	0		0		0			1.0
Weizmannia	0		0		0			1.0
Wenxinia	0		0		0			1.0
Wenyingzhuangia	0		0		0			1.0
Wenzhouxiangella	0		0		0			1.0
Whispovirus	0		0		0			1.0
Whopevirus	0		0		0			1.0
Wielerella	0		0		0			1.0
Wifcevirus	0		0		0			1.0
Wigglesworthia	0		0		0			1.0
Wildcatvirus	0		0		0			1.0
Williamsoniiplasma	0		0		0			1.0
Wilnyevirus	0		0		0			1.0
Wilsonroadvirus	0		0		0			1.0
Winkia	0		0		0			1.0
Winklervirus	0		0		0			1.0
Winogradskyella	0		0		0			1.0
Wizardvirus	0		0		0			1.0
Weissella	0		0		0			1.0
Weeksella	0		0		0			1.0
Webervirus	0		0		0			1.0
Weaselvirus	0		0		0			1.0
Vibakivirus	0		0		0			1.0
Vibrio	0		0		0			1.0
Vipetofemvirus	0		0		0			1.0
Vipunavirus	0		0		0			1.0
Virgibacillus	0		0		0			1.0
Viridibacillus	0		0		0			1.0
Vitreoscilla	0		0		0			1.0
Vividuovirus	0		0		0			1.0
Woeseia	0		0		0			1.0
Vogesella	0		0		0			1.0
Vulgatibacter	0		0		0			1.0
Waddlia	0		0		0			1.0
Wadgaonvirus	0		0		0			1.0
Waikavirus	0		0		0			1.0
Wanchaivirus	0		0		0			1.0
Wansuia	0		28	1.0	37	0.0	False	1.0
Warsawvirus	0		0		0			1.0
Warwickvirus	0		0		0			1.0
Vulcanisaeta	0		0		0			1.0
Vhulanivirus	0		0		0			1.0
Wohlfahrtiimonas	0		0		0			1.0
Wolinella	0		0		0			1.0
Yokohamavirus	0		0		0			1.0
Yoloswagvirus	0		0		0			1.0
Yongloolinvirus	0		0		0			1.0
Yonseivirus	0		0		0			1.0
Yoonia	0		0		0			1.0
Youhaiella	0		0		0			1.0
Yushanvirus	0		0		0			1.0
Zetavirus	0		0		0			1.0
Zhaonella	0		0		0			1.0
Zhonglingvirus	0		0		0			1.0
Zhongshania	0		0		0			1.0
Zhouia	0		0		0			1.0
Zobellella	0		0		0			1.0
Zobellia	0		0		0			1.0
Zophobihabitans	0		0		0			1.0
Zunongwangia	0		0		0			1.0
Zurivirus	0		0		0			1.0
Yokenella	0		0		0			1.0
Yinghuangia	0		0		0			1.0
Yimella	0		0		0			1.0
Yersinia	0		0		0			1.0
Wotdevirus	0		0		0			1.0
Wphvirus	0		0		0			1.0
Wulfhauvirus	0		0		0			1.0
Xanthobacter	0		0		0			1.0
Xanthomonas	0		0		0			1.0
Xenorhabdus	0		0		0			1.0
Xiamenia	0		0		0			1.0
Xianfuyuplasma	0		0		0			1.0
Wolbachia	0		0		0			1.0
Xipdecavirus	0		0		0			1.0
Xuanwuvirus	0		0		0			1.0
Xylanimonas	0		0		0			1.0
Xylella	0		0		0			1.0
Xylophilus	0		0		0			1.0
Yangia	0		0		0			1.0
Yangvirus	0		0		0			1.0
Yatapoxvirus	0		0		0			1.0
Yeceytrevirus	0		0		0			1.0
Xooduovirus	0		0		0			1.0
Vespertilionpoxvirus	0		0		0			1.0
Vespertiliibacter	0		0		0			1.0
Vesivirus	0		0		0			1.0
Tomitella	0		0		0			1.0
Torchivirus	0		0		0			1.0
Toursvirus	0		0		0			1.0
Toutatisvirus	0		0		0			1.0
Trabulsiella	0		0		0			1.0
Traversvirus	0		0		0			1.0
Triatovirus	0		0		0			1.0
Trichlorobacter	0		0		0			1.0
Trichormus	0		0		0			1.0
Trichothermofontia	0		0		0			1.0
Trichovirus	0		0		0			1.0
Tritonibacter	0		0		0			1.0
Tritonvirus	0		0		0			1.0
Tropheryma	0		0		0			1.0
Truepera	0		0		0			1.0
Trueperella	0		0		0			1.0
Tsarbombavirus	0		0		0			1.0
Tolypothrix	0		0		0			1.0
Tolumonas	0		0		0			1.0
Tobamovirus	0		0		0			1.0
Tlsvirus	0		0		0			1.0
Thiomicrospira	0		0		0			1.0
Thiomonas	0		0		0			1.0
Thiopseudomonas	0		0		0			1.0
Thiospirochaeta	0		0		0			1.0
Thiosulfatimonas	0		0		0			1.0
Thiosulfativibrio	0		0		0			1.0
Thiothrix	0		0		0			1.0
Thiwvovirus	0		0		0			1.0
Tsukamurella	0		0		0			1.0
Thomasclavelia	0		0		0			1.0
Tichowtungia	0		0		0			1.0
Tidunavirus	0		0		0			1.0
Tiilvirus	0		0		0			1.0
Timquatrovirus	0		0		0			1.0
Timshelvirus	0		0		0			1.0
Tinduovirus	0		0		0			1.0
Tissierella	0		0		0			1.0
Tistrella	0		0		0			1.0
Tibrovirus	0		0		0			1.0
Tsuneonella	0		0		0			1.0
Tulanevirus	0		0		0			1.0
Tumebacillus	0		0		0			1.0
Uukuvirus	0		0		0			1.0
Vaginimicrobium	0		0		0			1.0
Vagococcus	0		0		0			1.0
Vallitalea	0		0		0			1.0
Vapseptimavirus	0		0		0			1.0
Varicellovirus	0		0		0			1.0
Variibacter	0		0		0			1.0
Variovorax	0		0		0			1.0
Usitatibacter	0		0		0			1.0
Varunaivibrio	0		0		0			1.0
Vedamuthuvirus	0		0		0			1.0
Velarivirus	0		0		0			1.0
Vellamovirus	0		0		0			1.0
Venatoribacter	0		0		0			1.0
Vequintavirus	0		0		0			1.0
Verminephrobacter	0		0		0			1.0
Verrucomicrobium	0		0		0			1.0
Vescimonas	0		0		9	0.0		1.0
Vectrevirus	0		0		0			1.0
Thiolapillus	0		0		0			1.0
Uruburuella	0		0		0			1.0
Urechidicola	0		0		0			1.0
Tunggulvirus	0		0		0			1.0
Tungrovirus	0		0		0			1.0
Tupanvirus	0		0		0			1.0
Turbidovirus	0		0		0			1.0
Turicimonas	0		35	1.0	31	0.0	False	1.0
Turneriella	0		0		0			1.0
Tuwongella	0		0		0			1.0
Twortvirus	0		0		0			1.0
Ureibacillus	0		0		0			1.0
Tybeckvirus	0		0		0			1.0
Tyzzerella	0		0		0			1.0
Uetakevirus	0		0		0			1.0
Uliginvirus	0		0		0			1.0
Unaquatrovirus	0		0		0			1.0
Undibacterium	0		0		0			1.0
Unicornvirus	0		0		0			1.0
Urbifossiella	0		0		0			1.0
Ureaplasma	0		0		0			1.0
Tymovirus	0		0		0			1.0
Streptantibioticus	0		0		0			1.0
Streptacidiphilus	0		0		0			1.0
Stormageddonvirus	0		0		0			1.0
Roseibacterium	0		0		0			1.0
Roseibium	0		0		0			1.0
Roseicitreum	0		0		0			1.0
Roseiflexus	0		0		0			1.0
Roseimaritima	0		0		0			1.0
Roseimicrobium	0		0		0			1.0
Roseitalea	0		0		0			1.0
Roseivivax	0		0		0			1.0
Rosemountvirus	0		0		0			1.0
Rosenblumvirus	0		0		0			1.0
Roseobacter	0		0		0			1.0
Roseococcus	0		0		0			1.0
Roseolovirus	0		0		0			1.0
Roseomonas	0		0		0			1.0
Roseovarius	0		0		0			1.0
Rosistilla	0		0		0			1.0
Rossellomorea	0		0		0			1.0
Roseburia	0		0		0			1.0
Roseateles	0		0		0			1.0
Rosavirus	0		0		0			1.0
Rosariovirus	0		0		0			1.0
Rhodopseudomonas	0		0		0			1.0
Rhodospirillum	0		0		0			1.0
Rhodothermus	0		0		0			1.0
Rhodovastum	0		0		0			1.0
Rhodovulum	0		0		0			1.0
Richelia	0		0		0			1.0
Rickettsia	0		0		0			1.0
Rickettsiella	0		0		0			1.0
Roufvirus	0		0		0			1.0
Riemerella	0		0		0			1.0
Rimavirus	0		0		0			1.0
Rippkaea	0		0		0			1.0
Risjevirus	0		0		0			1.0
Rivularia	0		0		0			1.0
Robiginitalea	0		0		0			1.0
Rodentibacter	0		0		0			1.0
Rogunavirus	0		0		0			1.0
Ronaldovirus	0		0		0			1.0
Rigallicvirus	0		0		0			1.0
Rhodoplanes	0		0		0			1.0
Rouxiella	0		0		0			1.0
Rtpvirus	0		0		0			1.0
Saccharomonospora	0		0		0			1.0
Saccharophagus	0		0		0			1.0
Saccharopolyspora	0		0		0			1.0
Saccharospirillum	0		0		0			1.0
Saccharothrix	0		0		0			1.0
Saclayvirus	0		0		0			1.0
Sadwavirus	0		0		0			1.0
Sagittula	0		0		0			1.0
Saguarovirus	0		0		0			1.0
Saikungvirus	0		0		0			1.0
Salacisavirus	0		0		0			1.0
Salaquimonas	0		0		0			1.0
Salarchaeum	0		0		0			1.0
Salasvirus	0		0		0			1.0
Salchichonvirus	0		0		0			1.0
Salegentibacter	0		0		0			1.0
Salicibibacter	0		0		0			1.0
Saccharolobus	0		0		0			1.0
Saccharobesus	0		0		0			1.0
Saccharibacillus	0		0		0			1.0
Sabulilitoribacter	0		0		0			1.0
Ruania	0		0		0			1.0
Rubinisphaera	0		0		0			1.0
Rubivirus	0		0		0			1.0
Rubripirellula	0		0		0			1.0
Rubrivivax	0		0		0			1.0
Rubrobacter	0		0		0			1.0
Rudivirus	0		0		0			1.0
Ruegeria	0		0		0			1.0
Rowavirus	0		0		0			1.0
Rufibacter	0		0		0			1.0
Rugamonas	0		0		0			1.0
Rugosibacter	0		0		0			1.0
Ruminiclostridium	0		0		0			1.0
Ruminococcus	0		0		5	0.8		1.0
Rummeliibacillus	0		0		0			1.0
Runella	0		0		0			1.0
Ruthenibacterium	0		1	1.0	0			1.0
Sabourvirus	0		0		0			1.0
Ruficoccus	0		0		0			1.0
Rhodopirellula	0		0		0			1.0
Rhodophyticola	0		0		0			1.0
Rhodomicrobium	0		0		0			1.0
Psychrobacter	0		0		0			1.0
Psychroflexus	0		0		0			1.0
Psychromicrobium	0		0		0			1.0
Psychromonas	0		0		0			1.0
Psychroserpens	0		0		0			1.0
Psychrosphaera	0		0		0			1.0
Pukyongia	0		0		0			1.0
Pukyongiella	0		0		0			1.0
Pullulanibacillus	0		0		0			1.0
Pulverervirus	0		0		0			1.0
Pulveribacter	0		0		0			1.0
Punavirus	0		0		0			1.0
Puppervirus	0		0		0			1.0
Pusillimonas	0		0		0			1.0
Pyramidobacter	0		0		0			1.0
Pyrobaculum	0		0		0			1.0
Pyrococcus	0		0		0			1.0
Psychrobacillus	0		0		0			1.0
Pseudoxanthomonas	0		0		0			1.0
Pseudovibrio	0		0		0			1.0
Pseudothermotoga	0		0		0			1.0
Pseudofrankia	0		0		0			1.0
Pseudogulbenkiania	0		0		0			1.0
Pseudohalocynthiibacter	0		0		0			1.0
Pseudohongiella	0		0		0			1.0
Pseudolabrys	0		0		0			1.0
Pseudoleptotrichia	0		0		0			1.0
Pseudolysobacter	0		0		0			1.0
Pseudonocardia	0		0		0			1.0
Pyrodictium	0		0		0			1.0
Pseudooceanicola	0		0		0			1.0
Pseudoprevotella	0		0		0			1.0
Pseudopuniceibacterium	0		0		0			1.0
Pseudorhizobium	0		0		0			1.0
Pseudorhodobacter	0		0		0			1.0
Pseudorhodoplanes	0		0		0			1.0
Pseudosulfitobacter	0		0		0			1.0
Pseudotevenvirus	0		0		0			1.0
Leuconostoc	0		0		0			1.0
Pseudopedobacter	0		0		0			1.0
Pyrolobus	0		0		0			1.0
Pyruvatibacter	0		0		0			1.0
Pyxidicoccus	0		0		0			1.0
Reichenbachiella	0		0		0			1.0
Reinekea	0		0		0			1.0
Renibacterium	0		0		0			1.0
Respirovirus	0		0		0			1.0
Rhadinovirus	0		0		0			1.0
Rheavirus	0		0		0			1.0
Rheinheimera	0		0		0			1.0
Rhizobacter	0		0		0			1.0
Refugevirus	0		0		0			1.0
Rhizobium	0		0		0			1.0
Rhodanobacter	0		0		0			1.0
Rhodobaca	0		0		0			1.0
Rhodobacter	0		0		0			1.0
Rhodocaloribacter	0		0		0			1.0
Rhodococcus	0		0		0			1.0
Rhodocytophaga	0		0		0			1.0
Rhodoferax	0		0		0			1.0
Rhodoluna	0		0		0			1.0
Rhizorhabdus	0		0		0			1.0
Salidesulfovibrio	0		0		0			1.0
Ravarandavirus	0		0		0			1.0
Rasiella	0		0		0			1.0
Qingdaovirus	0		0		0			1.0
Qingshengfaniella	0		0		0			1.0
Qipengyuania	0		0		0			1.0
Quadrivirus	0		0		0			1.0
Quatrionicoccus	0		0		0			1.0
Quesadillavirus	0		0		0			1.0
Quwivirus	0		0		0			1.0
Radiobacillus	0		0		0			1.0
Rathayibacter	0		0		0			1.0
Rahariannevirus	0		0		0			1.0
Raineyella	0		0		0			1.0
Raleighvirus	0		0		0			1.0
Ralstonia	0		0		0			1.0
Ramlibacter	0		0		0			1.0
Ranavirus	0		0		0			1.0
Raoultella	0		0		0			1.0
Raoultibacter	0		0		0			1.0
Raphidovirus	0		0		0			1.0
Rahnella	0		0		0			1.0
Salimicrobium	0		0		0			1.0
Salinarchaeum	0		0		0			1.0
Salinibacter	0		0		0			1.0
Skermanella	0		0		0			1.0
Skermania	0		0		0			1.0
Skogvirus	0		0		0			1.0
Skunavirus	0		0		0			1.0
Slackia	0		0		0			1.0
Slashvirus	0		0		0			1.0
Slepowronvirus	0		0		0			1.0
Slopekvirus	0		0		0			1.0
Sneathia	0		0		0			1.0
Sneathiella	0		0		0			1.0
Snodgrassella	0		0		0			1.0
Sodalis	0		0		0			1.0
Sokavirus	0		0		0			1.0
Solibacillus	0		0		0			1.0
Solicola	0		0		0			1.0
Solidesulfovibrio	0		0		0			1.0
Solimonas	0		0		0			1.0
Skatevirus	0		0		0			1.0
Siovirus	0		0		0			1.0
Siophivirus	0		0		0			1.0
Sinorhizobium	0		0		0			1.0
Sigmavirus	0		0		0			1.0
Silicimonas	0		0		0			1.0
Silvanigrella	0		0		0			1.0
Silviavirus	0		0		0			1.0
Silvimonas	0		0		0			1.0
Simiaoa	0		0		0			1.0
Simiduia	0		0		0			1.0
Simiispumavirus	0		0		0			1.0
Solitalea	0		0		0			1.0
Siminovitchia	0		0		0			1.0
Simonsiella	0		0		0			1.0
Simplexvirus	0		0		0			1.0
Simplicispira	0		0		0			1.0
Singulisphaera	0		0		0			1.0
Sinimarinibacterium	0		0		0			1.0
Siniperhavirus	0		0		0			1.0
Sinomicrobium	0		0		0			1.0
Sinomonas	0		0		0			1.0
Simkania	0		0		0			1.0
Solwaraspora	0		0		0			1.0
Sopolycivirus	0		0		0			1.0
Sorangium	0		0		0			1.0
Sporofaciens	0		0		0			1.0
Sporolactobacillus	0		0		0			1.0
Sporomusa	0		0		0			1.0
Sporosarcina	0		0		0			1.0
Squashvirus	0		0		0			1.0
Stackebrandtia	0		0		0			1.0
Stanieria	0		0		0			1.0
Staphylospora	0		0		0			1.0
Spongiibacter	0		0		0			1.0
Staphylothermus	0		0		0			1.0
Starkeya	0		0		0			1.0
Steinhofvirus	0		0		0			1.0
Stella	0		0		0			1.0
Stenotrophomonas	0		0		0			1.0
Steroidobacter	0		0		0			1.0
Sterolibacterium	0		0		0			1.0
Stieleria	0		0		0			1.0
Stigmatella	0		0		0			1.0
Stappia	0		0		0			1.0
Sideroxydans	0		0		0			1.0
Spongiactinospora	0		0		0			1.0
Spiroplasma	0		0		0			1.0
Sparkyvirus	0		0		0			1.0
Spartinivicinus	0		0		0			1.0
Sphaerisporangium	0		0		0			1.0
Sphaerobacter	0		0		0			1.0
Sphaerochaeta	0		0		0			1.0
Sphaerospermopsis	0		0		0			1.0
Sphaerotilus	0		0		0			1.0
Sphingobacterium	0		0		0			1.0
Spirosoma	0		0		0			1.0
Sphingobium	0		0		0			1.0
Sphingomonas	0		0		0			1.0
Sphingopyxis	0		0		0			1.0
Sphingorhabdus	0		0		0			1.0
Sphingosinicella	0		0		0			1.0
Sphingosinithalassobacter	0		0		0			1.0
Spiractinospora	0		0		0			1.0
Spiribacter	0		0		0			1.0
Spirochaeta	0		0		0			1.0
Sphingomicrobium	0		0		0			1.0
Pseudodesulfovibrio	0		0		0			1.0
Sideroxyarcus	0		0		0			1.0
Siansivirga	0		0		0			1.0
Samsavirus	0		0		0			1.0
Samwavirus	0		0		0			1.0
Sandaracinobacteroides	0		0		0			1.0
Sandaracinus	0		0		0			1.0
Sandinevirus	0		0		0			1.0
Sanguibacter	0		0		0			1.0
Sanovirus	0		0		0			1.0
Sansavirus	0		0		0			1.0
Santafevirus	0		0		0			1.0
Saphexavirus	0		0		0			1.0
Saprospira	0		0		0			1.0
Sarcina	0		0		0			1.0
Sarumanvirus	0		0		0			1.0
Scandinavium	0		0		0			1.0
Scardovia	0		0		0			1.0
Schiekvirus	0		0		0			1.0
Schizotequatrovirus	0		0		0			1.0
Salvovirus	0		0		0			1.0
Salmonpoxvirus	0		0		0			1.0
Salmonella	0		0		0			1.0
Salmondvirus	0		0		0			1.0
Salinibacterium	0		0		0			1.0
Salinicoccus	0		0		0			1.0
Salinicola	0		0		0			1.0
Salinigranum	0		0		0			1.0
Salinimicrobium	0		0		0			1.0
Salinimonas	0		0		0			1.0
Saliniradius	0		0		0			1.0
Salinirubellus	0		0		0			1.0
Schleiferilactobacillus	0		0		0			1.0
Salinisphaera	0		0		0			1.0
Salinispora	0		0		0			1.0
Salinivibrio	0		0		0			1.0
Salinivirga	0		0		0			1.0
Salipaludibacillus	0		0		0			1.0
Saliphagus	0		0		0			1.0
Salipiger	0		0		0			1.0
Salisediminibacterium	0		0		0			1.0
Salivirus	0		0		0			1.0
Salinispira	0		0		0			1.0
Schnuerera	0		0		0			1.0
Sclerotimonavirus	0		0		0			1.0
Scophrhavirus	0		0		0			1.0
Serpentinicella	0		0		0			1.0
Serpentinimonas	0		0		0			1.0
Serratia	0		0		0			1.0
Seunavirus	0		0		0			1.0
Seuratvirus	0		0		0			1.0
Sextaecvirus	0		0		0			1.0
Shalavirus	0		0		0			1.0
Shamshuipovirus	0		0		0			1.0
Serinicoccus	0		0		0			1.0
Shandvirus	0		0		0			1.0
Sheenvirus	0		0		0			1.0
Shenzhenvirus	0		0		0			1.0
Sherbrookevirus	0		0		0			1.0
Shewanella	0		0		0			1.0
Shigella	0		0		1	1.0		1.0
Shimwellia	0		0		0			1.0
Shinella	0		0		0			1.0
Shirahamavirus	0		0		0			1.0
Shapirovirus	0		0		0			1.0
Siccibacter	0		0		0			1.0
Sepunavirus	0		0		0			1.0
Seoulvirus	0		0		0			1.0
Scutavirus	0		0		0			1.0
Scytonema	0		0		0			1.0
Sebaldella	0		0		0			1.0
Secundilactobacillus	0		0		0			1.0
Sedimentibacter	0		0		0			1.0
Sedimenticola	0		0		0			1.0
Sedimentisphaera	0		0		0			1.0
Sediminibacillus	0		0		0			1.0
Septimatrevirus	0		0		0			1.0
Sediminibacterium	0		0		0			1.0
Sediminicola	0		0		0			1.0
Sediminispirochaeta	0		0		0			1.0
Sedonavirus	0		0		0			1.0
Segniliparus	0		0		0			1.0
Segzyvirus	0		0		0			1.0
Selenomonas	0		0		0			1.0
Senquatrovirus	0		0		0			1.0
Seonamhaeicola	0		0		0			1.0
Sediminicoccus	0		0		0			1.0
Leucobacter	0		0		0			1.0
Lentavirus	0		0		0			1.0
Leptotrichia	0		0		0			1.0
Candidatus_Korarchaeum	0		0		0			1.0
Candidatus_Koribacter	0		0		0			1.0
Candidatus_Kuenenia	0		0		0			1.0
Candidatus_Mancarchaeum	0		0		0			1.0
Candidatus_Megaira	0		0		0			1.0
Candidatus_Methanoliparum	0		0		0			1.0
Candidatus_Methanomethylophilus	0		0		0			1.0
Candidatus_Methanoplasma	0		0		0			1.0
Candidatus_Methylopumilus	0		0		0			1.0
Candidatus_Methylospira	0		0		0			1.0
Candidatus_Micrarchaeum	0		0		0			1.0
Candidatus_Midichloria	0		0		0			1.0
Candidatus_Mikella	0		0		0			1.0
Candidatus_Minimicrobia	0		0		0			1.0
Candidatus_Moranella	0		0		0			1.0
Candidatus_Mycosynbacter	0		0		0			1.0
Candidatus_Nanohalobium	0		0		0			1.0
Candidatus_Kinetoplastibacterium	0		0		0			1.0
Candidatus_Karelsulcia	0		0		0			1.0
Candidatus_Ishikawaella	0		0		0			1.0
Candidatus_Ichthyocystis	0		0		0			1.0
Candidatus_Cytomitobacter	0		0		0			1.0
Candidatus_Deianiraea	0		0		0			1.0
Candidatus_Desulfofervidus	0		0		0			1.0
Candidatus_Desulforudis	0		0		0			1.0
Candidatus_Doolittlea	0		0		0			1.0
Candidatus_Endolissoclinum	0		0		0			1.0
Candidatus_Endoriftia	0		0		0			1.0
Candidatus_Fokinia	0		0		0			1.0
Candidatus_Nanopelagicus	0		0		0			1.0
Candidatus_Fonsibacter	0		0		0			1.0
Candidatus_Fukatsuia	0		0		0			1.0
Candidatus_Gromoviella	0		0		0			1.0
Candidatus_Gullanella	0		0		0			1.0
Candidatus_Hamiltonella	0		0		0			1.0
Candidatus_Hepatoplasma	0		0		0			1.0
Candidatus_Hoaglandella	0		0		0			1.0
Candidatus_Hodgkinia	0		0		0			1.0
Candidatus_Hydrogenosomobacter	0		0		0			1.0
Candidatus_Formimonas	0		0		0			1.0
Candidatus_Contubernalis	0		0		0			1.0
Candidatus_Nanosynbacter	0		0		0			1.0
Candidatus_Nasuia	0		0		0			1.0
Candidatus_Profftia	0		0		0			1.0
Candidatus_Prometheoarchaeum	0		0		0			1.0
Candidatus_Promineifilum	0		0		0			1.0
Candidatus_Protochlamydia	0		0		0			1.0
Candidatus_Pseudothioglobus	0		0		0			1.0
Candidatus_Puniceispirillum	0		0		0			1.0
Candidatus_Purcelliella	0		0		0			1.0
Candidatus_Reidiella	0		0		0			1.0
Candidatus_Rhabdochlamydia	0		0		0			1.0
Candidatus_Riesia	0		0		0			1.0
Candidatus_Ruthturnera	0		0		0			1.0
Candidatus_Saccharimonas	0		0		0			1.0
Candidatus_Schneideria	0		0		0			1.0
Candidatus_Sneabacter	0		0		0			1.0
Candidatus_Steffania	0		0		0			1.0
Candidatus_Sulfidibacterium	0		0		0			1.0
Candidatus_Symbiobacter	0		0		0			1.0
Candidatus_Profftella	0		0		0			1.0
Candidatus_Portiera	0		0		0			1.0
Candidatus_Planktophila	0		0		0			1.0
Candidatus_Phytoplasma	0		0		0			1.0
Candidatus_Neoehrlichia	0		0		0			1.0
Candidatus_Nesciobacter	0		0		0			1.0
Candidatus_Nitrosacidococcus	0		0		0			1.0
Candidatus_Nitrosocaldus	0		0		0			1.0
Candidatus_Nitrosocosmicus	0		0		0			1.0
Candidatus_Nitrosoglobus	0		0		0			1.0
Candidatus_Nitrosomarinus	0		0		0			1.0
Candidatus_Nitrosopelagicus	0		0		0			1.0
Candidatus_Nardonella	0		0		0			1.0
Candidatus_Nitrosotalea	0		0		0			1.0
Candidatus_Nitrotoga	0		0		0			1.0
Candidatus_Nucleicultrix	0		0		0			1.0
Candidatus_Paracaedibacter	0		0		0			1.0
Candidatus_Paraluminiphilus	0		0		0			1.0
Candidatus_Pelagibacter	0		0		0			1.0
Candidatus_Pelagisphaera	0		0		0			1.0
Candidatus_Phaeomarinobacter	0		0		0			1.0
Candidatus_Phycorickettsia	0		0		0			1.0
Candidatus_Nitrosotenuis	0		0		0			1.0
Candidatus_Competibacter	0		0		0			1.0
Candidatus_Comchoanobacter	0		0		0			1.0
Candidatus_Cloacimonas	0		0		0			1.0
Brucella	0		0		0			1.0
Brucepastera	0		0		0			1.0
Brujitavirus	0		0		0			1.0
Brussowvirus	0		0		0			1.0
Buchavirus	0		0		0			1.0
Buchnera	0		0		0			1.0
Buhlduvirus	0		0		0			1.0
Bulleidia	0		0		0			1.0
Buorbuivirus	0		0		0			1.0
Burkholderia	0		0		0			1.0
Burrovirus	0		0		0			1.0
Burzaovirus	0		0		0			1.0
Buttiauxella	0		0		0			1.0
Butyricicoccus	0		0		0			1.0
Byrnievirus	0		0		0			1.0
Bythopirellula	0		0		0			1.0
Caballeronia	0		0		0			1.0
Bronvirus	0		0		0			1.0
Broinstvirus	0		0		0			1.0
Brochothrix	0		0		0			1.0
Brizovirus	0		0		0			1.0
Brachybacterium	0		0		0			1.0
Brachyspira	0		0		0			1.0
Bracoviriform	0		0		0			1.0
Bradymonas	0		0		0			1.0
Bradyrhizobium	0		0		0			1.0
Bragavirus	0		0		0			1.0
Brasilonema	0		0		0			1.0
Brassica	0		0		0			1.0
Cacepaovirus	0		0		0			1.0
Bremerella	0		0		0			1.0
Breoghania	0		0		0			1.0
Brevefilum	0		0		0			1.0
Brevibacillus	0		0		0			1.0
Brevibacterium	0		0		0			1.0
Brevirhabdus	0		0		0			1.0
Brevundimonas	0		0		0			1.0
Breznakiella	0		0		0			1.0
Bridgettevirus	0		0		0			1.0
Brenneria	0		0		0			1.0
Caelumvirus	0		0		0			1.0
Caenibius	0		0		0			1.0
Caeruleovirus	0		0		0			1.0
Camvirus	0		0		0			1.0
Candidatus_Absconditicoccus	0		0		0			1.0
Candidatus_Amoebophilus	0		0		0			1.0
Candidatus_Annandia	0		0		0			1.0
Candidatus_Arcticimaribacter	0		0		0			1.0
Candidatus_Arthromitus	0		0		0			1.0
Candidatus_Atelocyanobacterium	0		0		0			1.0
Candidatus_Azoamicus	0		0		0			1.0
Campanilevirus	0		0		0			1.0
Candidatus_Azobacteroides	0		0		0			1.0
Candidatus_Bandiella	0		0		0			1.0
Candidatus_Baumannia	0		0		0			1.0
Candidatus_Bipolaricaulis	0		0		0			1.0
Candidatus_Blochmannia	0		0		0			1.0
Candidatus_Cardinium	0		0		0			1.0
Candidatus_Carsonella	0		0		0			1.0
Candidatus_Chazhemtobacterium	0		0		0			1.0
Candidatus_Chromulinivorax	0		0		0			1.0
Candidatus_Babela	0		0		0			1.0
Candidatus_Syntrophocurvum	0		0		0			1.0
Caminibacter	0		0		0			1.0
Calothrix	0		0		0			1.0
Caldalkalibacillus	0		0		0			1.0
Caldanaerobacter	0		0		0			1.0
Caldibacillus	0		0		0			1.0
Caldicellulosiruptor	0		0		0			1.0
Caldichromatium	0		0		0			1.0
Caldilinea	0		0		0			1.0
Caldimicrobium	0		0		0			1.0
Caldimonas	0		0		0			1.0
Calycomorphotria	0		0		0			1.0
Caldinitratiruptor	0		0		0			1.0
Caldisphaera	0		0		0			1.0
Calditerrivibrio	0		0		0			1.0
Caldithrix	0		0		0			1.0
Caldivirga	0		0		0			1.0
Caligrhavirus	0		0		0			1.0
Callevirus	0		0		0			1.0
Caloramator	0		0		0			1.0
Caloranaerobacter	0		0		0			1.0
Caldisericum	0		0		0			1.0
Candidatus_Tachikawaea	0		0		0			1.0
Candidatus_Thioglobus	0		0		0			1.0
Candidatus_Uabimicrobium	0		0		0			1.0
Cnuibacter	0		0		0			1.0
Coatlandelriovirus	0		0		0			1.0
Cobetia	0		0		0			1.0
Coccolithovirus	0		0		0			1.0
Coetzeevirus	0		0		0			1.0
Cognaticolwellia	0		0		0			1.0
Cognatishimia	0		0		0			1.0
Cohaesibacter	0		0		0			1.0
Cohnella	0		0		0			1.0
Collimonas	0		0		0			1.0
Colneyvirus	0		0		0			1.0
Colossusvirus	0		0		0			1.0
Coltivirus	0		0		0			1.0
Colunavirus	0		0		0			1.0
Colwellia	0		0		0			1.0
Comamonas	0		0		0			1.0
Commensalibacter	0		0		0			1.0
Clostridium	0		0		0			1.0
Clostridioides	0		0		0			1.0
Closterovirus	0		0		0			1.0
Cloacibacterium	0		0		0			1.0
Christiangramia	0		0		0			1.0
Chromatium	0		0		0			1.0
Chromobacterium	0		0		0			1.0
Chromohalobacter	0		0		0			1.0
Chroococcidiopsis	0		0		0			1.0
Chryseobacterium	0		0		0			1.0
Chryseolinea	0		0		0			1.0
Chrysonvirus	0		0		0			1.0
Comovirus	0		0		0			1.0
Chthonomonas	0		0		0			1.0
Chunghsingvirus	0		0		0			1.0
Ciceribacter	0		0		0			1.0
Cinqassovirus	0		0		0			1.0
Circovirus	0		0		0			1.0
Citricoccus	0		0		0			1.0
Citrifermentans	0		0		0			1.0
Citromicrobium	0		0		0			1.0
Clavibacter	0		0		0			1.0
Chuhaivirus	0		0		0			1.0
Companilactobacillus	0		0		0			1.0
Conchiformibius	0		0		0			1.0
Conexibacter	0		0		0			1.0
Criblamydia	0		0		0			1.0
Crinalium	0		0		0			1.0
Crinivirus	0		0		0			1.0
Croceibacter	0		0		0			1.0
Croceibacterium	0		0		0			1.0
Croceicoccus	0		0		0			1.0
Croceimicrobium	0		0		0			1.0
Crocosphaera	0		0		0			1.0
Crenobacter	0		0		0			1.0
Cronobacter	0		0		0			1.0
Cronusvirus	0		0		0			1.0
Crossiella	0		0		0			1.0
Cruoricaptor	0		0		0			1.0
Cryobacterium	0		0		0			1.0
Cryptobacterium	0		0		0			1.0
Culoivirus	0		0		0			1.0
Cuniculiplasma	0		0		0			1.0
Cupriavidus	0		0		0			1.0
Cronosvirus	0		0		0			1.0
Christensenvirus	0		0		0			1.0
Crateriforma	0		0		0			1.0
Coxiella	0		0		0			1.0
Conexivisphaera	0		0		0			1.0
Congregibacter	0		0		0			1.0
Constantimarinum	0		0		0			1.0
Coopervirus	0		0		0			1.0
Copernicusvirus	0		0		0			1.0
Copiparvovirus	0		0		0			1.0
Coprobacter	0		40	0.0	37	1.0	False	1.0
Coprococcus	0		0		0			1.0
Crassaminicella	0		0		0			1.0
Coprothermobacter	0		0		0			1.0
Corallococcus	0		0		0			1.0
Coralvirus	0		0		0			1.0
Coriobacterium	0		0		0			1.0
Corndogvirus	0		0		0			1.0
Cornellvirus	0		0		0			1.0
Cosavirus	0		0		0			1.0
Costertonia	0		0		0			1.0
Couchioplanes	0		0		0			1.0
Coraliomargarita	0		0		0			1.0
Bracchivirus	0		0		0			1.0
Christensenella	39	1.0	10	0.1	33	0.0	False	1.0
Chordicoccus	0		0		0			1.0
Catellatospora	0		0		0			1.0
Catenovulum	0		0		0			1.0
Catenulispora	0		0		0			1.0
Caulifigura	0		0		0			1.0
Caulobacter	0		0		0			1.0
Cbastvirus	0		0		0			1.0
Cbunavirus	0		0		0			1.0
Ceceduovirus	0		0		0			1.0
Cedecea	0		0		0			1.0
Ceduovirus	0		0		0			1.0
Ceetrepovirus	0		0		0			1.0
Celeribacter	0		0		0			1.0
Celerinatantimonas	0		0		0			1.0
Celiavirus	0		0		0			1.0
Cellulomonas	0		0		0			1.0
Cellulophaga	0		0		0			1.0
Cellulosilyticum	0		0		0			1.0
Castellaniella	0		0		0			1.0
Casimicrobium	0		0		0			1.0
Carnobacterium	0		0		0			1.0
Carltongylesvirus	0		0		0			1.0
Candidatus_Vallotia	0		0		0			1.0
Candidatus_Velamenicoccus	0		0		0			1.0
Candidatus_Vesicomyosocius	0		0		0			1.0
Candidatus_Viadribacter	0		0		0			1.0
Candidatus_Walczuchella	0		0		0			1.0
Candidatus_Westeberhardia	0		0		0			1.0
Candidatus_Xiphinematobacter	0		0		0			1.0
Canhaevirus	0		0		0			1.0
Cellulosimicrobium	0		0		0			1.0
Capillimicrobium	0		0		0			1.0
Capripoxvirus	0		0		0			1.0
Caproicibacter	0		0		0			1.0
Caproicibacterium	0		0		0			1.0
Caproiciproducens	0		0		0			1.0
Carboxydocella	0		0		0			1.0
Carboxydothermus	0		0		0			1.0
Cardiobacterium	0		0		0			1.0
Carlavirus	0		0		0			1.0
Capnocytophaga	0		0		0			1.0
Cellvibrio	0		0		0			1.0
Centapoxvirus	0		0		0			1.0
Cepunavirus	0		0		0			1.0
Chitinibacter	0		0		0			1.0
Chitinimonas	0		0		0			1.0
Chitiniphilus	0		0		0			1.0
Chitinolyticbacter	0		0		0			1.0
Chitinophaga	0		0		0			1.0
Chivirus	0		0		0			1.0
Chlamydia	0		0		0			1.0
Chlamydiifrater	0		0		0			1.0
Chiangmaivirus	0		0		0			1.0
Chloracidobacterium	0		0		0			1.0
Chlorobaculum	0		0		0			1.0
Chlorobium	0		0		0			1.0
Chloroflexus	0		0		0			1.0
Chloroherpeton	0		0		0			1.0
Chlorovirus	0		0		0			1.0
Chondrocystis	0		0		0			1.0
Chondromyces	0		0		0			1.0
Chopinvirus	0		0		0			1.0
Chloriridovirus	0		0		0			1.0
Chosvirus	0		0		0			1.0
Cheungvirus	0		0		0			1.0
Chenonavirus	0		0		0			1.0
Cequinquevirus	0		0		0			1.0
Cereibacter	0		0		0			1.0
Certrevirus	0		0		0			1.0
Cetarhavirus	0		0		0			1.0
Cetobacterium	0		0		0			1.0
Chalconvirus	0		0		0			1.0
Chamaesiphon	0		0		0			1.0
Changchengzhania	0		0		0			1.0
Cheoctovirus	0		0		0			1.0
Changpingibacter	0		0		0			1.0
Chapparvovirus	0		0		0			1.0
Charlievirus	0		0		0			1.0
Charybdisvirus	0		0		0			1.0
Charybnivirus	0		0		0			1.0
Chatterjeevirus	0		0		0			1.0
Chelativorans	0		0		0			1.0
Chelatococcus	0		0		0			1.0
Chenggangzhangella	0		0		0			1.0
Chania	0		0		0			1.0
Curtobacterium	0		0		0			1.0
Boudabousia	0		0		0			1.0
Bossavirus	0		0		0			1.0
Alloalcanivorax	0		0		0			1.0
Allobacillus	0		0		0			1.0
Allobaculum	0		0		0			1.0
Allobranchiibius	0		0		0			1.0
Allochromatium	0		0		0			1.0
Allocoleopsis	0		0		0			1.0
Allofrancisella	0		0		0			1.0
Allokutzneria	0		0		0			1.0
Allomeiothermus	0		0		0			1.0
Allorhizobium	0		0		0			1.0
Allosaccharopolyspora	0		0		0			1.0
Allosphingosinicella	0		0		0			1.0
Alphabaculovirus	0		0		0			1.0
Alphacoronavirus	0		0		0			1.0
Alphaendornavirus	0		0		0			1.0
Alphaentomopoxvirus	0		0		0			1.0
Alphafusarivirus	0		0		0			1.0
Alloactinosynnema	0		0		0			1.0
Alloacidobacterium	0		0		0			1.0
Allexivirus	0		0		0			1.0
Alkalitalea	0		0		0			1.0
Algoriphagus	0		0		0			1.0
Aliamphritea	0		0		0			1.0
Aliarcobacter	0		0		0			1.0
Alicycliphilus	0		0		0			1.0
Alicyclobacillus	0		0		0			1.0
Alienimonas	0		0		0			1.0
Aliiroseovarius	0		0		0			1.0
Aliivibrio	0		0		0			1.0
Alphalipothrixvirus	0		0		0			1.0
Alisovirus	0		0		0			1.0
Alkalibacter	0		0		0			1.0
Alkalicella	0		0		0			1.0
Alkaliflexus	0		0		0			1.0
Alkalihalobacillus	0		0		0			1.0
Alkalihalophilus	0		0		0			1.0
Alkalilimnicola	0		0		0			1.0
Alkalimarinus	0		0		0			1.0
Alkaliphilus	0		0		0			1.0
Alistipes	0		0		0			1.0
Algibacter	0		0		0			1.0
Alphanemrhavirus	0		0		0			1.0
Alphapapillomavirus	0		0		0			1.0
Amniculibacterium	0		0		0			1.0
Amphibacillus	0		0		0			1.0
Amphritea	0		0		0			1.0
Ampivirus	0		0		0			1.0
Amycolatopsis	0		0		0			1.0
Amylibacter	0		0		0			1.0
Amylolactobacillus	0		0		0			1.0
Anabaena	0		0		0			1.0
Anabaenopsis	0		0		0			1.0
Anaerobacillus	0		0		0			1.0
Anaerobutyricum	0		0		0			1.0
Anaerococcus	0		0		0			1.0
Anaerohalosphaera	0		0		0			1.0
Anaerolinea	0		0		0			1.0
Anaeromicropila	0		0		0			1.0
Anaeromyxobacter	0		0		0			1.0
Anaeropeptidivorans	0		0		0			1.0
Ammonifex	0		0		0			1.0
Aminomonas	0		0		0			1.0
Aminobacterium	0		0		0			1.0
Aminobacter	0		0		0			1.0
Alphapolyomavirus	0		0		0			1.0
Alpharetrovirus	0		0		0			1.0
Alpharicinrhavirus	0		0		0			1.0
Alphasphaerolipovirus	0		0		0			1.0
Alphaspiravirus	0		0		0			1.0
Alphatorquevirus	0		0		0			1.0
Alphatrevirus	0		0		0			1.0
Alphaturrivirus	0		0		0			1.0
Alphanudivirus	0		0		0			1.0
Alteracholeplasma	0		0		0			1.0
Alternavirus	0		0		0			1.0
Alteromonas	0		0		0			1.0
Alysiella	0		0		0			1.0
Amedibacterium	39	0.0	0		39	1.0	False	1.0
Amginevirus	0		0		0			1.0
Aminayvirus	0		0		0			1.0
Aminipila	0		0		0			1.0
Aminithiophilus	0		0		0			1.0
Altererythrobacter	0		0		0			1.0
Alexandravirus	0		0		0			1.0
Alegriavirus	0		0		0			1.0
Alcyoneusvirus	0		0		0			1.0
Acidilobus	0		0		0			1.0
Acidilutibacter	0		0		0			1.0
Acidimicrobium	0		0		0			1.0
Acidiphilium	0		0		0			1.0
Acidipropionibacterium	0		0		0			1.0
Acidisarcina	0		0		0			1.0
Acidithiobacillus	0		0		0			1.0
Acidobacterium	0		0		0			1.0
Acidocella	0		0		0			1.0
Acidothermus	0		0		0			1.0
Acidovorax	0		0		0			1.0
Aciduliprofundum	0		0		0			1.0
Acinetobacter	0		0		0			1.0
Actibacterium	0		0		0			1.0
Actinacidiphila	0		0		0			1.0
Actinoalloteichus	0		0		0			1.0
Actinobacillus	0		0		0			1.0
Acidihalobacter	0		0		0			1.0
Acidiferrobacter	0		0		0			1.0
Acididesulfobacillus	0		0		0			1.0
Acidibrevibacterium	0		0		0			1.0
Abiotrophia	0		0		0			1.0
Abyssalbus	0		0		0			1.0
Abyssibius	0		0		0			1.0
Abyssicoccus	0		0		0			1.0
Acadevirus	0		0		0			1.0
Acadianvirus	0		0		0			1.0
Acajnonavirus	0		0		0			1.0
Acaryochloris	0		0		0			1.0
Actinobaculum	0		0		0			1.0
Acetilactobacillus	0		0		0			1.0
Acetoanaerobium	0		0		0			1.0
Acetobacter	0		0		0			1.0
Acetobacterium	0		0		0			1.0
Acetohalobium	0		0		0			1.0
Acetomicrobium	0		0		0			1.0
Acholeplasma	0		0		0			1.0
Achromobacter	0		0		0			1.0
Acidianus	0		0		0			1.0
Acetivibrio	0		0		0			1.0
Actinocatenispora	0		0		0			1.0
Actinokineospora	0		0		0			1.0
Actinomadura	0		0		0			1.0
Afipia	0		0		0			1.0
Agarilytica	0		0		0			1.0
Agarivorans	0		0		0			1.0
Agatevirus	0		0		0			1.0
Aggregatimonas	0		0		0			1.0
Agreia	0		0		0			1.0
Agricanvirus	0		0		0			1.0
Agrobacterium	0		0		0			1.0
Aestuariispira	0		0		0			1.0
Agrococcus	0		0		0			1.0
Agtrevirus	0		0		0			1.0
Ahniella	0		0		0			1.0
Ahphunavirus	0		0		0			1.0
Ahtivirus	0		0		0			1.0
Akonivirus	0		0		0			1.0
Alasvirus	0		0		0			1.0
Alcaligenes	0		0		0			1.0
Alcanivorax	0		0		0			1.0
Agromyces	0		0		0			1.0
Anaerostipes	0		0		0			1.0
Aerosticca	0		0		0			1.0
Aeromonas	0		0		0			1.0
Actinomarinicola	0		0		0			1.0
Actinoplanes	0		0		0			1.0
Actinopolymorpha	0		0		0			1.0
Actinopolyspora	0		0		0			1.0
Actinosynnema	0		0		0			1.0
Actinotalea	0		0		0			1.0
Actinotignum	0		0		0			1.0
Acuticoccus	0		0		0			1.0
Aeropyrum	0		0		0			1.0
Adhaeretor	0		0		0			1.0
Advenella	0		0		0			1.0
Aegicerativicinus	0		0		0			1.0
Aeoliella	0		0		0			1.0
Aequoribacter	0		0		0			1.0
Aequorivita	0		0		0			1.0
Aeribacillus	0		0		0			1.0
Aerococcus	0		0		0			1.0
Aeromicrobium	0		0		0			1.0
Adhaeribacter	0		0		0			1.0
Anaerotignum	0		0		0			1.0
Anaerotruncus	0		0		0			1.0
Anamdongvirus	0		0		0			1.0
Baltimorevirus	0		0		0			1.0
Baoshanvirus	0		0		0			1.0
Barbavirus	0		0		0			1.0
Barnyardvirus	0		0		0			1.0
Bartonella	0		0		0			1.0
Basfia	0		0		0			1.0
Basilea	0		0		0			1.0
Bastillevirus	0		0		0			1.0
Batrachovirus	0		0		0			1.0
Baxtervirus	0		0		0			1.0
Bdellovibrio	0		0		0			1.0
Beggiatoa	0		0		0			1.0
Begomovirus	0		0		0			1.0
Beijerinckia	0		0		0			1.0
Bellamyvirus	0		0		0			1.0
Belliella	0		0		0			1.0
Benedictvirus	0		0		0			1.0
Baikalvirus	0		0		0			1.0
Bahnicevirus	0		0		0			1.0
Baekduia	0		0		0			1.0
Badnavirus	0		0		0			1.0
Avanivirus	0		0		0			1.0
Aviadenovirus	0		0		0			1.0
Avibacterium	0		0		0			1.0
Avihepadnavirus	0		0		0			1.0
Avipoxvirus	0		0		0			1.0
Avunavirus	0		0		0			1.0
Ayohtrevirus	0		0		0			1.0
Azoarcus	0		0		0			1.0
Bequatrovirus	0		0		0			1.0
Azorhizobium	0		0		0			1.0
Azospira	0		0		0			1.0
Azospirillum	0		0		0			1.0
Azotobacter	0		0		0			1.0
Bacillus	0		0		0			1.0
Bacterioplanes	0		0		0			1.0
Bacterioplanoides	0		0		0			1.0
Bacteriovorax	0		0		0			1.0
Bacteroides	0		0		0			1.0
Azorudivirus	0		0		0			1.0
Bergeyella	0		0		0			1.0
Bermanella	0		0		0			1.0
Bernardetia	0		0		0			1.0
Bisgaardia	0		0		0			1.0
Bixzunavirus	0		0		0			1.0
Bizionia	0		0		0			1.0
Blastochloris	0		0		0			1.0
Blastococcus	0		0		0			1.0
Blastomonas	0		0		0			1.0
Blastopirellula	0		0		0			1.0
Blattabacterium	0		0		0			1.0
Birdsnestvirus	0		0		0			1.0
Blautia	0		0		0			1.0
Bocaparvovirus	0		0		0			1.0
Bohxovirus	0		0		0			1.0
Bombilactobacillus	0		0		0			1.0
Bordetella	0		0		0			1.0
Borrelia	0		0		0			1.0
Borreliella	0		0		0			1.0
Bosavirus	0		0		0			1.0
Bosea	0		0		0			1.0
Bluvavirus	0		0		0			1.0
Austwickia	0		0		0			1.0
Biquartavirus	0		0		0			1.0
Biomaibacter	0		0		0			1.0
Berryella	0		0		0			1.0
Bertelyvirus	0		0		0			1.0
Besingivirus	0		0		0			1.0
Betabaculovirus	0		0		0			1.0
Betachrysovirus	0		0		0			1.0
Betaentomopoxvirus	0		0		0			1.0
Betalipothrixvirus	0		0		0			1.0
Betanudivirus	0		0		0			1.0
Bippervirus	0		0		0			1.0
Betapolyomavirus	0		0		0			1.0
Betasatellite	0		0		0			1.0
Beutenbergia	0		0		0			1.0
Bhargavaea	0		0		0			1.0
Bibersteinia	0		0		0			1.0
Bielevirus	0		0		0			1.0
Bievrevirus	0		0		0			1.0
Bifseptvirus	0		0		0			1.0
Bingvirus	0		0		0			1.0
Betaretrovirus	0		0		0			1.0
Botrimarina	0		0		0			1.0
Aurunvirus	0		0		0			1.0
Auritidibacter	0		0		0			1.0
Apilactobacillus	0		0		0			1.0
Aquabacter	0		0		0			1.0
Aquabacterium	0		0		0			1.0
Aqualcavirus	0		0		0			1.0
Aquaspirillum	0		0		0			1.0
Aquella	0		0		0			1.0
Aquibium	0		0		0			1.0
Aquicella	0		0		0			1.0
Aquifex	0		0		0			1.0
Aquiflexum	0		0		0			1.0
Aquihabitans	0		0		0			1.0
Aquiluna	0		0		0			1.0
Aquimarina	0		0		0			1.0
Aquincola	0		0		0			1.0
Aquirhabdus	0		0		0			1.0
Aquirufa	0		0		0			1.0
Aquisalimonas	0		0		0			1.0
Apibacter	0		0		0			1.0
Aphthovirus	0		0		0			1.0
Aphroditevirus	0		0		0			1.0
Aorunvirus	0		0		0			1.0
Anaplasma	0		0		0			1.0
Anaposvirus	0		0		0			1.0
Anatilimnocola	0		0		0			1.0
Anayavirus	0		0		0			1.0
Anchaingvirus	0		0		0			1.0
Ancylobacter	0		0		0			1.0
Andhravirus	0		0		0			1.0
Andromedavirus	0		0		0			1.0
Aquisalinus	0		0		0			1.0
Aneurinibacillus	0		0		0			1.0
Annadreamyvirus	0		0		0			1.0
Anoxybacillus	0		0		0			1.0
Anoxybacter	0		0		0			1.0
Anseongella	0		0		0			1.0
Antarcticibacterium	0		0		0			1.0
Antarctobacter	0		0		0			1.0
Anthocerotibacter	0		0		0			1.0
Anthonyvirus	0		0		0			1.0
Angelvirus	0		0		0			1.0
Aquisediminimonas	0		0		0			1.0
Aquisphaera	0		0		0			1.0
Aquitalea	0		0		0			1.0
Asticcacaulis	0		0		0			1.0
Atadenovirus	0		0		0			1.0
Athalassotoga	0		0		0			1.0
Atlantibacter	0		0		0			1.0
Atlauavirus	0		0		0			1.0
Atopobium	0		0		0			1.0
Atribacter	0		0		0			1.0
Attisvirus	0		0		0			1.0
Asteriusvirus	0		0		0			1.0
Attoomivirus	0		0		0			1.0
Aurantiacibacter	0		0		0			1.0
Aurantimicrobium	0		0		0			1.0
Aurantimonas	0		0		0			1.0
Auraticoccus	0		0		0			1.0
Aureibaculum	0		0		0			1.0
Aureimonas	0		0		0			1.0
Aureispira	0		0		0			1.0
Aureliella	0		0		0			1.0
Audreyjarvisvirus	0		0		0			1.0
Aurivirus	0		0		0			1.0
Ashduovirus	0		0		0			1.0
Ascovirus	0		0		0			1.0
Arabiibacter	0		0		0			1.0
Arachidicoccus	0		0		0			1.0
Arachnia	0		0		0			1.0
Arawnvirus	0		0		0			1.0
Arcanobacterium	0		0		0			1.0
Archaeoglobus	0		0		0			1.0
Archangium	0		0		0			1.0
Arcobacter	0		0		0			1.0
Asfivirus	0		0		0			1.0
Arcticibacterium	0		0		0			1.0
Arenimonas	0		0		0			1.0
Aristophania	0		0		0			1.0
Aromatoleum	0		0		0			1.0
Arsenicicoccus	0		0		0			1.0
Arsenophonus	0		0		0			1.0
Arthrobacter	0		0		0			1.0
Arthrospira	0		0		0			1.0
Asaia	0		0		0			1.0
Arenibacter	0		0		0			1.0
Curvibacter	0		0		0			1.0
Cutibacterium	0		0		0			1.0
Cyanobacterium	0		0		0			1.0
Hippea	0		0		0			1.0
Hirschia	0		0		0			1.0
Histophilus	0		0		0			1.0
Hiyaavirus	0		0		0			1.0
Hnatkovirus	0		0		0			1.0
Hoeflea	0		0		0			1.0
Holosalinivirus	0		0		0			1.0
Homoserinibacter	0		0		0			1.0
Hopescreekvirus	0		0		0			1.0
Horticoccus	0		0		0			1.0
Hostuviroid	0		0		0			1.0
Hoswirudivirus	0		0		0			1.0
Hoyosella	0		0		0			1.0
Hpunavirus	0		0		0			1.0
Hukuchivirus	0		0		0			1.0
Humibacter	0		0		0			1.0
Humisphaera	0		0		0			1.0
Higashivirus	0		0		0			1.0
Heyndrickxia	0		0		0			1.0
Herminiimonas	0		0		0			1.0
Herbinix	0		0		0			1.0
Haploplasma	0		0		0			1.0
Hapunavirus	0		0		0			1.0
Harbinvirus	0		0		0			1.0
Harrekavirus	0		0		0			1.0
Harrisonburgvirus	0		0		0			1.0
Hartmannibacter	0		0		0			1.0
Hathewaya	0		0		0			1.0
Helcococcus	0		0		0			1.0
Hungatella	0		0		0			1.0
Helicobacter	0		0		0			1.0
Heliorestis	0		0		0			1.0
Helsingorvirus	0		0		0			1.0
Henipavirus	0		0		0			1.0
Henuseptimavirus	0		0		0			1.0
Hepacivirus	0		0		0			1.0
Hepatovirus	0		0		0			1.0
Herbaspirillum	0		0		0			1.0
Herbiconiux	0		0		0			1.0
Heliomicrobium	0		0		0			1.0
Hanrivervirus	0		0		0			1.0
Hydrocarboniclastica	0		0		0			1.0
Hydrogenimonas	0		0		0			1.0
Ignatzschineria	0		0		0			1.0
Ignavibacterium	0		0		0			1.0
Ignavigranum	0		0		0			1.0
Ignicoccus	0		0		0			1.0
Ikedavirus	0		0		0			1.0
Iltovirus	0		0		0			1.0
Ilumatobacter	0		0		0			1.0
Ilyobacter	0		0		0			1.0
Ilzatvirus	0		0		0			1.0
Immundisolibacter	0		0		0			1.0
Immutovirus	0		0		0			1.0
Imtechella	0		0		0			1.0
Indioceanicola	0		0		0			1.0
Infirmifilum	0		0		0			1.0
Inhella	0		0		0			1.0
Intestinibaculum	0		0		0			1.0
Intestinimonas	0		8	0.0	0			1.0
Iflavirus	0		0		0			1.0
Idiomarina	0		0		0			1.0
Ideonella	0		0		0			1.0
Ictavirus	0		0		0			1.0
Hydrogenobacter	0		0		0			1.0
Hydrogenobaculum	0		0		0			1.0
Hydrogenophaga	0		0		0			1.0
Hydrogenophilus	0		0		0			1.0
Hydrogenovibrio	0		0		0			1.0
Hylemonella	0		0		0			1.0
Hymenobacter	0		0		0			1.0
Hypericibacter	0		0		0			1.0
Hydrogenibacillus	0		0		0			1.0
Hyperthermus	0		0		0			1.0
Hyphococcus	0		0		0			1.0
Hyphomicrobium	0		0		0			1.0
Hyphomonas	0		0		0			1.0
Hypovirus	0		0		0			1.0
Iamia	0		0		0			1.0
Iapetusvirus	0		0		0			1.0
Ichnoviriform	0		0		0			1.0
Ichthyobacterium	0		0		0			1.0
Hyphobacterium	0		0		0			1.0
Hankyongella	0		0		0			1.0
Halovivax	0		0		0			1.0
Halovenus	0		0		0			1.0
Hafnia	0		0		0			1.0
Hagravirus	0		0		0			1.0
Hahella	0		0		0			1.0
Haladaptatus	0		0		0			1.0
Halalkaliarchaeum	0		0		0			1.0
Halalkalibacter	0		0		0			1.0
Halalkalibacterium	0		0		0			1.0
Halalkalicoccus	0		0		0			1.0
Halanaeroarchaeum	0		0		0			1.0
Halanaerobium	0		0		0			1.0
Halapricum	0		0		0			1.0
Halarchaeum	0		0		0			1.0
Halarcobacter	0		0		0			1.0
Haliangium	0		0		0			1.0
Halioglobus	0		0		0			1.0
Haliscomenobacter	0		0		0			1.0
Haloarcula	0		0		0			1.0
Haemophilus	9	0.222	40	0.0	38	1.0	False	1.0
Haematospirillum	0		0		0			1.0
Haematobacter	0		0		0			1.0
Hadassahvirus	0		0		0			1.0
Granulicella	0		0		0			1.0
Granulosicoccus	0		0		0			1.0
Gredihovirus	0		0		0			1.0
Greenvirus	0		0		0			1.0
Grimontia	0		0		0			1.0
Gruunavirus	0		0		0			1.0
Gryllotalpicola	0		0		0			1.0
Gualtarvirus	0		0		0			1.0
Halobacillus	0		0		0			1.0
Gudongella	0		0		0			1.0
Gundelvirus	0		0		0			1.0
Gustavvirus	0		0		0			1.0
Guyparkeria	0		0		0			1.0
Gymnodinialimonas	0		0		0			1.0
Gynuella	0		0		0			1.0
Gyrovirus	0		0		0			1.0
Haartmanvirus	0		0		0			1.0
Hacihdavirus	0		0		0			1.0
Gulosibacter	0		0		0			1.0
Halobacteriovorax	0		0		0			1.0
Halobacterium	0		0		0			1.0
Halobacteroides	0		0		0			1.0
Halopseudomonas	0		0		0			1.0
Haloquadratum	0		0		0			1.0
Halorhabdus	0		0		0			1.0
Halorhodospira	0		0		0			1.0
Halorientalis	0		0		0			1.0
Halorubrum	0		0		0			1.0
Halorussus	0		0		0			1.0
Halosegnis	0		0		0			1.0
Haloprofundus	0		0		0			1.0
Halosiccatus	0		0		0			1.0
Halosolutus	0		0		0			1.0
Halostagnicola	0		0		0			1.0
Halotalea	0		0		0			1.0
Haloterrigena	0		0		0			1.0
Halothece	0		0		0			1.0
Halothermothrix	0		0		0			1.0
Halothiobacillus	0		0		0			1.0
Halotia	0		0		0			1.0
Halosimplex	0		0		0			1.0
Intrasporangium	0		0		0			1.0
Haloplanus	0		0		0			1.0
Halopenitus	0		0		0			1.0
Halobaculum	0		0		0			1.0
Halobellus	0		0		0			1.0
Halobiforma	0		0		0			1.0
Halocatena	0		0		0			1.0
Halococcoides	0		0		0			1.0
Halococcus	0		0		0			1.0
Halodesulfurarchaeum	0		0		0			1.0
Haloferacalesvirus	0		0		0			1.0
Halopiger	0		0		0			1.0
Haloferax	0		0		0			1.0
Haloglomus	0		0		0			1.0
Halohasta	0		0		0			1.0
Halolamina	0		0		0			1.0
Halomarina	0		0		0			1.0
Halomicroarcula	0		0		0			1.0
Halomicrobium	0		0		0			1.0
Halomicronema	0		0		0			1.0
Halomonas	0		0		0			1.0
Halogeometricum	0		0		0			1.0
Iocasia	0		0		0			1.0
Iodobacter	0		0		0			1.0
Iotatorquevirus	0		0		0			1.0
Lachnoanaerobaculum	0		0		0			1.0
Lachnoclostridium	0		0		0			1.0
Lachnospira	37	1.0	0		39	0.0	False	1.0
Lacibacter	0		0		0			1.0
Lacimicrobium	0		0		0			1.0
Lacinutrix	0		0		0			1.0
Lacipirellula	0		0		0			1.0
Lacnuvirus	0		0		0			1.0
Lacticaseibacillus	39	0.0	0		33	0.97	False	1.0
Lactiplantibacillus	0		0		0			1.0
Lactobacillus	23	0.0	40	1.0	0		False	1.0
Lactococcus	39	1.0	0		30	0.0	False	1.0
Lacunisphaera	0		0		0			1.0
Lacusarxvirus	0		0		0			1.0
Lahexavirus	0		0		0			1.0
Lahndsivirus	0		0		0			1.0
Lambdapapillomavirus	0		0		0			1.0
Laceyella	0		0		0			1.0
Labrys	0		0		0			1.0
Labrenzia	0		0		0			1.0
Labilithrix	0		0		0			1.0
Kratiovirus	0		0		0			1.0
Kribbella	0		0		0			1.0
Krischvirus	0		0		0			1.0
Kroosvirus	0		0		0			1.0
Kroppenstedtia	0		0		0			1.0
Kryptosalinivirus	0		0		0			1.0
Ktedonosporobacter	0		0		0			1.0
Kumaovirus	0		0		0			1.0
Lambdavirus	0		0		0			1.0
Kuravirus	0		0		0			1.0
Kushneria	0		0		0			1.0
Kuttervirus	0		0		0			1.0
Kutzneria	0		0		0			1.0
Kwaitsingvirus	0		0		0			1.0
Kyrpidia	0		0		0			1.0
Kytococcus	0		0		0			1.0
Labanvirus	0		0		0			1.0
Labilibaculum	0		0		0			1.0
Kurthia	0		0		0			1.0
Lambovirus	0		0		0			1.0
Lancefieldella	0		0		0			1.0
Lapidilactobacillus	0		0		0			1.0
Leminorella	0		0		0			1.0
Zymobacter	0		0		0			1.0
Lentibacillus	0		0		0			1.0
Lentilactobacillus	0		0		0			1.0
Lentilitoribacter	0		0		0			1.0
Lentisphaera	0		0		0			1.0
Lentivirus	0		0		0			1.0
Lentzea	0		0		0			1.0
Lelliottia	0		0		0			1.0
Lenusvirus	0		0		0			1.0
Leporipoxvirus	0		0		0			1.0
Leptodesmis	0		0		0			1.0
Leptogranulimonas	0		0		0			1.0
Leptolyngbya	0		0		0			1.0
Leptospira	0		0		0			1.0
Leptospirillum	0		0		0			1.0
Leptothermofonsia	0		0		0			1.0
Leptothrix	0		0		0			1.0
Leonardvirus	0		0		0			1.0
Kozakia	0		0		0			1.0
Leisingera	0		0		0			1.0
Leicestervirus	0		0		0			1.0
Laribacter	0		0		0			1.0
Larkinella	0		0		0			1.0
Larmunavirus	0		0		0			1.0
Latilactobacillus	0		0		0			1.0
Latrobevirus	0		0		0			1.0
Laulavirus	0		0		0			1.0
Lautropia	0		0		0			1.0
Lauvirus	0		0		0			1.0
Leifsonia	0		0		0			1.0
Lawsonella	0		0		0			1.0
Leadbettera	0		0		0			1.0
Leadbetterella	0		0		0			1.0
Lebriduvirus	0		0		0			1.0
Leclercia	0		0		0			1.0
Lederbergia	0		0		0			1.0
Lederbergvirus	0		0		0			1.0
Leeuwenhoekiella	0		0		0			1.0
Legionella	0		0		0			1.0
Lawsonia	0		0		0			1.0
Granulicatella	0		0		0			1.0
Kovacikia	0		0		0			1.0
Kosmotoga	0		0		0			1.0
Jiaodavirus	0		0		0			1.0
Jiella	0		0		0			1.0
Jilinvirus	0		0		0			1.0
Jinshanibacter	0		0		0			1.0
Jolieduovirus	0		0		0			1.0
Jonesia	0		0		0			1.0
Jonquetella	0		0		0			1.0
Jouyvirus	0		0		0			1.0
Julieunavirus	0		0		0			1.0
Junavirus	0		0		0			1.0
Junduvirus	3	1.0	0		8	0.375		1.0
Jupbevirus	0		0		0			1.0
Justusliebigvirus	0		0		0			1.0
Jwalphavirus	0		0		0			1.0
Kablunavirus	0		0		0			1.0
Kagamiyamavirus	0		0		0			1.0
Kagunavirus	0		0		0			1.0
Jiangella	0		0		0			1.0
Jerseyvirus	0		0		0			1.0
Jeotgalicoccus	0		0		0			1.0
Jeotgalibacillus	0		0		0			1.0
Iridovirus	0		0		0			1.0
Ishigurovirus	0		0		0			1.0
Isoalcanivorax	0		0		0			1.0
Isoptericola	0		0		0			1.0
Isosphaera	0		0		0			1.0
Ithacavirus	0		0		0			1.0
Jahgtovirus	0		0		0			1.0
Janibacter	0		0		0			1.0
Kahnovirus	0		0		0			1.0
Jannaschia	0		0		0			1.0
Janusvirus	0		0		0			1.0
Jarrellvirus	0		0		0			1.0
Jatrophihabitans	0		0		0			1.0
Jedunavirus	0		0		0			1.0
Jejubacter	0		0		0			1.0
Jeongeupia	0		0		0			1.0
Jeonjuvirus	0		0		0			1.0
Jeotgalibaca	0		0		0			1.0
Janthinobacterium	0		0		0			1.0
Kahucivirus	0		0		0			1.0
Kaistella	0		0		0			1.0
Kaistia	0		0		0			1.0
Kitasatospora	0		0		0			1.0
Klausavirus	0		0		0			1.0
Klebsiella	20	0.5	40	0.0	39	1.0	False	1.0
Klosneuvirus	0		0		0			1.0
Kluyvera	0		0		0			1.0
Knuthellervirus	0		0		0			1.0
Kochikohdavirus	0		0		0			1.0
Kochitakasuvirus	0		0		0			1.0
Kiritimatiella	0		0		0			1.0
Kocuria	0		0		0			1.0
Koleobacter	0		0		0			1.0
Kolesnikvirus	0		0		0			1.0
Kolpuevirus	0		0		0			1.0
Komagataeibacter	0		0		0			1.0
Kordia	0		0		0			1.0
Kordiimonas	0		0		0			1.0
Korravirus	0		0		0			1.0
Kosakonia	0		0		0			1.0
Koinonema	0		0		0			1.0
Kotilavirus	0		0		0			1.0
Kinneretia	0		0		0			1.0
Kineococcus	0		0		0			1.0
Kalamiella	0		0		0			1.0
Kanagawavirus	0		0		0			1.0
Kanaloavirus	0		0		0			1.0
Kangiella	0		0		0			1.0
Karimacvirus	0		0		0			1.0
Kaustia	0		0		0			1.0
Kayfunavirus	0		0		0			1.0
Kayvirus	0		0		0			1.0
Kingella	0		0		0			1.0
Kehishuvirus	0		0		0			1.0
Kenoshavirus	0		0		0			1.0
Keratinibaculum	0		0		0			1.0
Kerstersia	0		0		0			1.0
Ketobacter	0		0		0			1.0
Ketogulonicigenium	0		0		0			1.0
Kibdelosporangium	0		0		0			1.0
Kimihcavirus	0		0		0			1.0
Kineobactrum	0		0		0			1.0
Kelleziovirus	0		0		0			1.0
Granulibacter	0		0		0			1.0
Gracilinema	0		0		0			1.0
Gracilibacillus	0		0		0			1.0
Doucettevirus	0		0		0			1.0
Douglaswolinvirus	0		0		0			1.0
Draconibacterium	0		0		0			1.0
Drivevirus	0		0		0			1.0
Drulisvirus	0		0		0			1.0
Dubowvirus	0		0		0			1.0
Duffyella	0		0		0			1.0
Duganella	0		0		0			1.0
Duncaniella	0		0		0			1.0
Dunedinvirus	0		0		0			1.0
Duodenibacillus	0		0		0			1.0
Dyadobacter	0		0		0			1.0
Dybvigvirus	0		0		0			1.0
Dyella	0		0		0			1.0
Dyoepsilonpapillomavirus	0		0		0			1.0
Dyoiotapapillomavirus	0		0		0			1.0
Dyomupapillomavirus	0		0		0			1.0
Dorea	0		0		0			1.0
Dongshaea	0		0		0			1.0
Dongdastvirus	0		0		0			1.0
Donellivirus	0		0		0			1.0
Dexdertvirus	0		0		0			1.0
Dhakavirus	0		0		0			1.0
Dhillonvirus	0		0		0			1.0
Diaminobutyricimonas	0		0		0			1.0
Diaphorobacter	0		0		0			1.0
Dichelobacter	0		0		0			1.0
Dickeya	0		0		0			1.0
Dictyoglomus	0		0		0			1.0
Dysgonomonas	0		0		0			1.0
Dietzia	0		0		0			1.0
Diorhovirus	0		0		0			1.0
Dismasvirus	0		0		0			1.0
Dissulfurimicrobium	0		0		0			1.0
Dissulfurispira	0		0		0			1.0
Dokdonella	0		0		0			1.0
Dokdonia	0		0		0			1.0
Dolichospermum	0		0		0			1.0
Dolosigranulum	0		0		0			1.0
Dinoroseobacter	0		0		0			1.0
Dysosmobacter	0		0		0			1.0
Echinicola	0		0		0			1.0
Ectothiorhodosinus	0		0		0			1.0
Endlipuvirus	0		0		0			1.0
Endomicrobium	0		0		0			1.0
Endozoicomonas	0		0		0			1.0
Eneladusvirus	0		0		0			1.0
Ensifer	0		0		0			1.0
Enterocloster	0		0		0			1.0
Enterovibrio	0		0		0			1.0
Entomobacter	0		0		0			1.0
Emticicia	0		0		0			1.0
Entomomonas	0		0		0			1.0
Entomospira	0		0		0			1.0
Epaquintavirus	0		0		0			1.0
Ephemeroptericola	0		0		0			1.0
Ephemerovirus	0		0		0			1.0
Epidermidibacterium	0		0		0			1.0
Epilithonimonas	0		0		0			1.0
Eponavirus	0		0		0			1.0
Epseptimavirus	0		0		0			1.0
Entomoplasma	0		0		0			1.0
Devriesea	0		0		0			1.0
Empedobacter	0		0		0			1.0
Emdodecavirus	0		0		0			1.0
Ectothiorhodospira	0		0		0			1.0
Edaphobacter	0		0		0			1.0
Edwardsiella	0		0		0			1.0
Effusibacillus	0		0		0			1.0
Efquatrovirus	0		0		0			1.0
Egibacter	0		0		0			1.0
Egicoccus	0		0		0			1.0
Ehrlichia	0		0		0			1.0
Emergencia	39	1.0	0		39	0.0	False	1.0
Eikenella	0		0		0			1.0
Elemovirus	0		0		0			1.0
Elioraea	0		0		0			1.0
Elizabethkingia	0		0		0			1.0
Elpedvirus	0		0		0			1.0
Elusimicrobium	0		0		0			1.0
Elvirus	0		0		0			1.0
Emalynvirus	0		0		0			1.0
Emaravirus	0		0		0			1.0
Eldridgevirus	0		0		0			1.0
Ereboglobus	0		0		0			1.0
Devosia	0		0		0			1.0
Desulfuromonas	0		0		0			1.0
Defluviitoga	0		0		0			1.0
Dehalobacter	0		0		0			1.0
Dehalobacterium	0		0		0			1.0
Dehalococcoides	0		0		0			1.0
Dehalogenimonas	0		0		0			1.0
Deinococcus	0		0		0			1.0
Delftia	0		0		0			1.0
Delislevirus	0		0		0			1.0
Delmidovirus	0		0		0			1.0
Deltabaculovirus	0		0		0			1.0
Deltacoronavirus	0		0		0			1.0
Deltaentomopoxvirus	0		0		0			1.0
Deltanudivirus	0		0		0			1.0
Deltapapillomavirus	0		0		0			1.0
Demequina	0		0		0			1.0
Demosthenesvirus	0		0		0			1.0
Dendoorenvirus	0		0		0			1.0
Defluviicoccus	0		0		0			1.0
Deferribacter	0		0		0			1.0
Deefgea	0		0		0			1.0
Dechloromonas	0		0		0			1.0
Cyanobium	0		0		0			1.0
Cyclobacterium	0		0		0			1.0
Cycloclasticus	0		0		0			1.0
Cyclonatronum	0		0		0			1.0
Cylindrospermopsis	0		0		0			1.0
Cylindrospermum	0		0		0			1.0
Cysteiniphilum	0		0		0			1.0
Cystobacter	0		0		0			1.0
Denitratisoma	0		0		0			1.0
Cytobacillus	0		0		0			1.0
Cytophaga	0		0		0			1.0
Cytorhabdovirus	0		0		0			1.0
Cyvirus	0		0		0			1.0
Dabirmavirus	0		0		0			1.0
Dactylococcopsis	0		0		0			1.0
Dactylosporangium	0		0		0			1.0
Daemvirus	0		0		0			1.0
Daredevilvirus	0		0		0			1.0
Cytomegalovirus	0		0		0			1.0
Denitrificimonas	0		0		0			1.0
Denitrobacterium	0		0		0			1.0
Denitrovibrio	0		0		0			1.0
Desulfolutivibrio	0		0		0			1.0
Desulfomarina	0		0		0			1.0
Desulfomicrobium	0		0		0			1.0
Desulfomonile	0		0		0			1.0
Desulfonema	0		0		0			1.0
Desulforamulus	0		0		0			1.0
Desulforapulum	0		0		0			1.0
Desulfosarcina	0		0		0			1.0
Desulfoluna	0		0		0			1.0
Desulfoscipio	0		0		0			1.0
Desulfosporosinus	0		0		0			1.0
Desulfosudis	0		0		0			1.0
Desulfotalea	0		0		0			1.0
Desulfotomaculum	0		0		0			1.0
Desulfurispirillum	0		0		0			1.0
Desulfurivibrio	0		0		0			1.0
Desulfurobacterium	0		0		0			1.0
Desulfurococcus	0		0		0			1.0
Desulfosediminicola	0		0		0			1.0
Detrevirus	0		0		0			1.0
Desulfolithobacter	0		0		0			1.0
Desulfoglaeba	0		0		0			1.0
Dependoparvovirus	0		0		0			1.0
Derbicusvirus	0		0		0			1.0
Dermabacter	0		0		0			1.0
Dermacoccus	0		0		0			1.0
Dermatophilus	0		0		0			1.0
Desemzia	0		0		0			1.0
Deseoctovirus	0		0		0			1.0
Desulfarculus	0		0		0			1.0
Desulfohalobium	0		0		0			1.0
Desulfatibacillum	0		0		0			1.0
Desulfobacca	0		0		0			1.0
Desulfobacter	0		0		0			1.0
Desulfobacula	0		0		0			1.0
Desulfobulbus	0		0		0			1.0
Desulfocapsa	0		0		0			1.0
Desulfococcus	0		0		0			1.0
Desulfocurvibacter	0		0		0			1.0
Desulfofarcimen	0		0		0			1.0
Desulfitobacterium	0		0		0			1.0
Lessievirus	0		0		0			1.0
Erskinevirus	0		0		0			1.0
Erysipelothrix	0		0		0			1.0
Gammapartitivirus	0		0		0			1.0
Gammaretrovirus	0		0		0			1.0
Gaprivervirus	0		0		0			1.0
Gardnerella	0		0		0			1.0
Gayadomonas	0		0		0			1.0
Geitlerinema	0		0		0			1.0
Gelderlandvirus	0		0		0			1.0
Gelria	0		0		0			1.0
Gemella	0		0		0			1.0
Geminocystis	0		0		0			1.0
Gemmata	0		0		0			1.0
Gemmatimonas	0		0		0			1.0
Gemmatirosa	0		0		0			1.0
Gemmobacter	0		0		0			1.0
Gemycircularvirus	0		0		0			1.0
Gemykibivirus	0		0		0			1.0
Geoalkalibacter	0		0		0			1.0
Gammapapillomavirus	0		0		0			1.0
Gammanudivirus	0		0		0			1.0
Gamaleyavirus	0		0		0			1.0
Gallionella	0		0		0			1.0
Frigidibacter	0		0		0			1.0
Frigoribacterium	0		0		0			1.0
Frigoriglobus	0		0		0			1.0
Frischella	0		0		0			1.0
Fromanvirus	0		0		0			1.0
Frondihabitans	0		0		0			1.0
Fructilactobacillus	0		0		0			1.0
Fructobacillus	0		0		0			1.0
Geobacillus	0		0		0			1.0
Fuerstiella	0		0		0			1.0
Fulvivirga	0		0		0			1.0
Furfurilactobacillus	0		0		0			1.0
Fuscovulum	0		0		0			1.0
Gahmegovirus	0		0		0			1.0
Gajwadongvirus	0		0		0			1.0
Galbibacter	0		0		0			1.0
Gallaecimonas	0		0		0			1.0
Gallibacterium	0		0		0			1.0
Fukuivirus	0		0		0			1.0
Geobacter	0		0		0			1.0
Geodermatophilus	0		0		0			1.0
Geoglobus	0		0		0			1.0
Glaedevirus	0		0		0			1.0
Glaesserella	0		0		0			1.0
Gloeobacter	0		0		0			1.0
Gloeocapsa	0		0		0			1.0
Gloeomargarita	0		0		0			1.0
Gloeothece	0		0		0			1.0
Gluconacetobacter	0		0		0			1.0
Gluconobacter	0		0		0			1.0
Glaciimonas	0		0		0			1.0
Glutamicibacter	0		0		0			1.0
Godonkavirus	0		0		0			1.0
Goettingenvirus	0		0		0			1.0
Gordonia	0		0		0			1.0
Gordonvirus	0		0		0			1.0
Gordtnkvirus	0		0		0			1.0
Gottfriedia	0		0		0			1.0
Gottschalkia	0		0		0			1.0
Goukovirus	0		0		0			1.0
Glycocaulis	0		0		0			1.0
Friedmanniella	0		0		0			1.0
Glaciihabitans	0		0		0			1.0
Gimesia	0		0		0			1.0
Geomonas	0		0		0			1.0
Georgenia	0		0		0			1.0
Georhizobium	0		0		0			1.0
Geosporobacter	0		0		0			1.0
Geotalea	0		0		0			1.0
Geovibrio	0		0		0			1.0
Gephyromycinifex	0		0		0			1.0
Gequatrovirus	0		0		0			1.0
Glaciecola	0		0		0			1.0
Gernuduvirus	0		0		0			1.0
Getalongvirus	0		0		0			1.0
Getseptimavirus	0		0		0			1.0
Ghunavirus	0		0		0			1.0
Gibbsiella	0		0		0			1.0
Gilliamella	0		0		0			1.0
Gillisia	0		0		0			1.0
Gilvibacter	0		0		0			1.0
Gilvimarinus	0		0		0			1.0
Gervaisevirus	0		0		0			1.0
Erwinia	0		0		0			1.0
Fretibacterium	0		0		0			1.0
Frederiksenia	0		0		0			1.0
Fengtaivirus	0		0		0			1.0
Fenollaria	0		0		0			1.0
Feofaniavirus	0		0		0			1.0
Ferlavirus	0		0		0			1.0
Fernvirus	0		0		0			1.0
Ferribacterium	0		0		0			1.0
Ferrigenium	0		0		0			1.0
Ferrimonas	0		0		0			1.0
Ferriphaselus	0		0		0			1.0
Ferroglobus	0		0		0			1.0
Ferroplasma	0		0		0			1.0
Ferrovibrio	0		0		0			1.0
Ferrovum	0		0		0			1.0
Ferruginibacter	0		0		0			1.0
Fervidibacillus	0		0		0			1.0
Fervidicoccus	0		0		0			1.0
Fervidobacterium	0		0		0			1.0
Felixounavirus	0		0		0			1.0
Faunusvirus	0		0		0			1.0
Fastidiosipila	0		0		0			1.0
Fannyhessea	0		0		0			1.0
Erythrobacter	0		0		0			1.0
Etaarterivirus	0		0		0			1.0
Ethanoligenens	0		0		0			1.0
Eubacterium	0		0		0			1.0
Euhalothece	0		0		0			1.0
Eurybiavirus	0		0		0			1.0
Euzebya	0		0		0			1.0
Euzebyella	0		0		0			1.0
Fibrella	0		0		0			1.0
Evansella	0		0		0			1.0
Exceevirus	0		0		0			1.0
Exiguobacterium	0		0		0			1.0
Ezakiella	0		0		0			1.0
Faecalibacter	0		0		0			1.0
Faecalibacterium	0		0		0			1.0
Faecalibaculum	0		0		0			1.0
Falsihalocynthiibacter	0		0		0			1.0
Falsirhodobacter	0		0		0			1.0
Ewingella	0		0		0			1.0
Fibrobacter	0		0		0			1.0
Ficleduovirus	0		0		0			1.0
Fictibacillus	0		0		0			1.0
Flexistipes	0		0		0			1.0
Flintibacter	0		0		0			1.0
Flocculibacter	0		0		0			1.0
Floricoccus	0		0		0			1.0
Fluoribacter	0		0		0			1.0
Fluviibacter	0		0		0			1.0
Fluviicola	0		0		0			1.0
Fluviispira	0		0		0			1.0
Flavonifractor	0		0		0			1.0
Fohxhuevirus	0		0		0			1.0
Formicincola	0		0		0			1.0
Formosa	0		0		0			1.0
Foussvirus	0		0		0			1.0
Foveavirus	0		0		0			1.0
Foxquatrovirus	0		0		0			1.0
Francisella	0		0		0			1.0
Frankia	0		0		0			1.0
Frateuria	0		0		0			1.0
Fontisphaera	0		0		0			1.0
Fremauxvirus	0		0		0			1.0
Flavobacterium	0		0		0			1.0
Flavivirga	0		0		0			1.0
Filifactor	0		0		0			1.0
Filimonas	0		0		0			1.0
Filomicrobium	0		0		0			1.0
Fimbriimonas	0		0		0			1.0
Finchvirus	0		0		0			1.0
Finegoldia	0		0		0			1.0
Finnlakevirus	0		0		0			1.0
Fionnbharthvirus	0		0		0			1.0
Flavivirus	0		0		0			1.0
Fipvunavirus	0		0		0			1.0
Fischerella	0		0		0			1.0
Flagellatimonas	0		0		0			1.0
Flagellimonas	0		0		0			1.0
Flammeovirga	0		0		0			1.0
Flaumdravirus	0		0		0			1.0
Flaviflexus	0		0		0			1.0
Flavihumibacter	0		0		0			1.0
Flavisolibacter	0		0		0			1.0
Firehammervirus	0		0		0			1.0
Zymomonas	0		0		0			1.0
